Output Folder,Use File,X0,Y0,X1,Y1,X2,Y2
output0,use0,828.0,635.0,918.0,512.0,612.0,1025.0
output0,use1,625.0,676.0,738.0,597.0,597.0,1046.0
output0,use2,518.0,740.0,440.0,779.0,565.0,1046.0
output0,use3,488.0,821.0,390.0,884.0,527.0,1035.0
output0,use4,488.0,880.0,471.0,908.0,508.0,1015.0
output0,use5,449.0,817.0,312.0,890.0,543.0,1048.0
output0,use6,558.0,689.0,660.0,582.0,591.0,1004.0
output1,use0,814.0,633.0,883.0,512.0,612.0,1025.0
output1,use1,590.0,658.0,713.0,570.0,597.0,1046.0
output1,use2,485.0,741.0,389.0,757.0,565.0,1046.0
output1,use3,485.03539471,845.52647807,367.27902449,927.23497985,525.8896456,1042.58815884
output1,use4,502.0,874.0,476.0,922.0,508.0,1015.0
output1,use5,478.0,808.0,355.0,877.0,543.0,1048.0
output1,use6,612.0,667.0,720.0,560.0,591.0,1004.0
output2,use0,739.52941176,628.70588235,929.64705882,464.94117647,581.41176471,1033.41176471
output2,use1,581.0,679.0,702.0,571.0,597.0,1046.0
output2,use2,506.0,742.0,428.0,780.0,565.0,1046.0
output2,use3,479.0,854.0,407.0,907.0,527.0,1035.0
output2,use4,481.0,895.0,491.0,947.0,508.0,1015.0
output2,use5,438.35294118,854.58823529,272.70588235,958.11764706,540.0,1052.23529412
output2,use6,576.95845825,704.34471115,661.1846621,599.57553075,576.95845825,1018.65225234
output3,use0,761.77540107,595.50802139,940.42780749,439.44385027,579.01604278,1026.73796791
output3,use1,671.42245989,626.31016043,868.55614973,519.52941176,576.96256684,1045.21925134
output3,use2,494.0,699.0,462.0,701.0,565.0,1046.0
output3,use3,455.80748663,835.76470588,324.38502674,944.59893048,503.03743316,1039.05882353
output3,use4,478.39572193,878.88770053,431.1657754,965.13368984,492.77005348,1030.84491979
output3,use5,462.0,853.0,322.0,955.0,543.0,1048.0
output3,use6,574.61156302,705.9739673,677.90337841,555.16791683,568.4140541,1028.2444313
output4,use0,778.20320856,589.34759358,928.10695187,447.65775401,595.44385027,997.98930481
output4,use1,640.62032086,653.00534759,829.54010695,529.79679144,583.12299465,1032.89839572
output4,use2,511.2513369,714.60962567,435.27272727,720.77005348,558.48128342,1039.05882353
output4,use3,476.0,846.0,357.0,921.0,527.0,1035.0
output4,use4,478.39572193,862.45989305,404.47058824,954.86631016,509.19786096,1032.89839572
output4,use5,464.0,830.0,345.0,898.0,543.0,1048.0
output4,use6,609.81818182,687.9144385,720.70588235,505.15508021,576.96256684,1020.57754011
output5,use0,780.25668449,597.56149733,936.32085561,443.55080214,595.44385027,1014.4171123
output5,use1,644.72727273,650.95187166,811.05882353,503.10160428,585.17647059,1020.57754011
output5,use2,509.19786096,720.77005348,416.79144385,739.2513369,558.48128342,1026.73796791
output5,use3,478.39572193,837.81818182,332.59893048,922.01069519,511.2513369,1034.95187166
output5,use4,498.93048128,843.97860963,388.04278075,922.01069519,509.19786096,1026.73796791
output5,use5,461.96791444,813.17647059,293.5828877,885.04812834,552.32085561,1026.73796791
output5,use6,634.45989305,653.00534759,767.93582888,517.47593583,572.85561497,1026.73796791
output6,use0,776.14973262,570.86631016,952.7486631,429.17647059,585.17647059,1034.95187166
output6,use1,646.78074866,603.72192513,843.9144385,498.99465241,572.85561497,1026.73796791
output6,use2,498.93048128,706.39572193,422.95187166,712.55614973,570.80213904,1034.95187166
output6,use3,486.0,845.0,391.0,910.0,527.0,1035.0
output6,use4,490.71657754,872.72727273,418.84491979,961.02673797,486.60962567,1039.05882353
output6,use5,435.27272727,837.81818182,264.8342246,948.70588235,535.89304813,1051.37967914
output6,use6,548.21390374,700.23529412,632.40641711,560.59893048,542.05347594,1020.57754011
output7,use0,757.6684492,570.86631016,909.62566845,410.69518717,546.16042781,1034.95187166
output7,use1,638.56684492,628.36363636,798.73796791,474.35294118,570.80213904,1022.63101604
output7,use2,490.71657754,749.51871658,385.98930481,755.67914439,546.16042781,1022.63101604
output7,use3,468.12834225,848.0855615,336.70588235,948.70588235,503.03743316,1047.27272727
output7,use4,486.60962567,835.76470588,398.31016043,942.54545455,492.77005348,1041.11229947
output7,use5,480.44919786,819.3368984,312.06417112,891.20855615,546.16042781,1032.89839572
output7,use6,646.78074866,675.59358289,757.6684492,527.74331551,576.96256684,1039.05882353
output8,use0,792.57754011,626.31016043,958.90909091,478.45989305,597.4973262,1010.31016043
output8,use1,601.60427807,644.79144385,767.93582888,505.15508021,572.85561497,1028.79144385
output8,use2,478.39572193,724.87700535,355.18716578,714.60962567,540.0,1026.73796791
output8,use3,453.0,838.0,331.0,908.0,527.0,1035.0
output8,use4,455.80748663,841.92513369,351.0802139,946.65240642,503.03743316,1032.89839572
output8,use5,443.48663102,800.85561497,289.47593583,891.20855615,540.0,1022.63101604
output8,use6,657.04812834,657.11229947,798.73796791,484.62032086,572.85561497,1034.95187166
output9,use0,823.37967914,607.82887701,948.64171123,443.55080214,597.4973262,1047.27272727
output9,use1,663.20855615,640.68449198,831.59358289,474.35294118,560.53475936,1047.27272727
output9,use2,490.71657754,751.57219251,443.48663102,712.55614973,548.21390374,1034.95187166
output9,use3,453.7540107,848.0855615,293.5828877,948.70588235,498.93048128,1032.89839572
output9,use4,478.39572193,856.29946524,375.72192513,948.70588235,498.93048128,1022.63101604
output9,use5,472.0,824.0,341.0,873.0,543.0,1048.0
output9,use6,638.56684492,663.27272727,817.21925134,462.03208556,558.48128342,1051.37967914
output10,use0,733.02673797,609.88235294,917.83957219,453.81818182,566.69518717,1022.63101604
output10,use1,589.28342246,675.59358289,712.49197861,564.70588235,554.37433155,1032.89839572
output10,use2,490.71657754,768.0,330.54545455,831.65775401,548.21390374,1051.37967914
output10,use3,462.0,855.0,379.0,936.0,510.0,1027.0
output10,use4,443.48663102,866.56684492,351.0802139,952.81283422,523.57219251,1041.11229947
output10,use5,499.0,779.0,405.0,797.0,543.0,1048.0
output10,use6,681.68983957,622.20320856,860.34224599,468.19251337,564.64171123,1039.05882353
output11,use0,755.61497326,601.6684492,936.32085561,455.87165775,572.85561497,1051.37967914
output11,use1,579.01604278,640.68449198,706.3315508,521.5828877,564.64171123,1047.27272727
output11,use2,466.07486631,757.73262032,351.0802139,782.37433155,564.64171123,1039.05882353
output11,use3,461.96791444,856.29946524,355.18716578,977.45454545,505.09090909,1039.05882353
output11,use4,455.80748663,843.97860963,369.56149733,977.45454545,521.51871658,1034.95187166
output11,use5,469.0,800.0,329.0,847.0,543.0,1048.0
output11,use6,665.26203209,644.79144385,788.47058824,466.13903743,576.96256684,1045.21925134
output12,use0,774.09625668,616.04278075,928.10695187,455.87165775,583.12299465,1028.79144385
output12,use1,609.81818182,659.1657754,776.14973262,511.31550802,560.53475936,1059.59358289
output12,use2,515.35828877,743.35828877,394.20320856,745.41176471,560.53475936,1053.43315508
output12,use3,441.43315508,848.0855615,318.22459893,942.54545455,505.09090909,1028.79144385
output12,use4,480.44919786,841.92513369,373.6684492,946.65240642,505.09090909,1045.21925134
output12,use5,468.0,811.0,319.0,865.0,543.0,1048.0
output12,use6,626.2459893,669.43315508,743.29411765,496.94117647,560.53475936,1039.05882353
output13,use0,786.4171123,591.40106952,934.26737968,462.03208556,589.28342246,1047.27272727
output13,use1,632.40641711,669.43315508,811.05882353,535.95721925,597.4973262,1022.63101604
output13,use2,518.0,741.0,456.0,780.0,565.0,1046.0
output13,use3,471.0,841.0,363.0,922.0,510.0,1027.0
output13,use4,481.0,836.0,415.0,915.0,508.0,1015.0
output13,use5,461.0,792.0,333.0,856.0,543.0,1048.0
output13,use6,836.0,583.0,878.0,690.0,881.0,1027.0
output14,use0,792.57754011,609.88235294,942.48128342,429.17647059,589.28342246,1026.73796791
output14,use1,587.0,651.0,708.0,550.0,597.0,1046.0
output14,use2,472.23529412,726.93048128,330.54545455,745.41176471,554.37433155,1026.73796791
output14,use3,452.0,858.0,351.0,926.0,510.0,1027.0
output14,use4,461.96791444,843.97860963,367.50802139,948.70588235,496.87700535,1039.05882353
output14,use5,455.0,805.0,311.0,869.0,543.0,1048.0
output14,use6,632.40641711,644.79144385,757.6684492,490.78074866,566.69518717,1039.05882353
output15,use0,712.49197861,566.75935829,893.19786096,431.22994652,595.44385027,1004.14973262
output15,use1,542.05347594,628.36363636,632.40641711,515.42245989,560.53475936,1039.05882353
output15,use2,466.07486631,737.19786096,324.38502674,782.37433155,558.48128342,1047.27272727
output15,use3,478.39572193,813.17647059,355.18716578,934.3315508,498.93048128,1051.37967914
output15,use4,466.07486631,837.81818182,367.50802139,936.38502674,511.2513369,1028.79144385
output15,use5,490.71657754,782.37433155,367.50802139,835.76470588,540.0,1014.4171123
output15,use6,733.02673797,616.04278075,915.78609626,474.35294118,560.53475936,1053.43315508
output16,use0,763.82887701,591.40106952,979.44385027,492.8342246,579.01604278,1063.70053476
output16,use1,571.0,638.0,706.0,562.0,597.0,1046.0
output16,use2,496.0,709.0,447.0,721.0,565.0,1046.0
output16,use3,453.7540107,813.17647059,281.26203209,924.06417112,505.09090909,1034.95187166
output16,use4,472.23529412,829.60427807,332.59893048,924.06417112,521.51871658,1041.11229947
output16,use5,466.0,812.0,338.0,866.0,543.0,1048.0
output16,use6,576.96256684,708.44919786,671.42245989,558.54545455,585.17647059,1022.63101604
output17,use0,914.0,538.0,863.0,582.0,897.0,1085.0
output17,use1,613.0,660.0,733.0,574.0,895.0,1072.0
output17,use2,472.23529412,733.09090909,375.72192513,749.51871658,570.80213904,1032.89839572
output17,use3,462.0,831.0,350.0,909.0,510.0,1031.0
output17,use4,486.60962567,835.76470588,379.82887701,940.49197861,511.2513369,1051.37967914
output17,use5,469.0,812.0,334.0,887.0,543.0,1048.0
output17,use6,572.85561497,712.55614973,677.5828877,572.9197861,558.48128342,1047.27272727
output18,use0,811.05882353,632.47058824,989.71122995,496.94117647,570.80213904,1034.95187166
output18,use1,683.74331551,663.27272727,866.5026738,552.38502674,583.12299465,1026.73796791
output18,use2,503.03743316,749.51871658,425.00534759,788.53475936,552.32085561,1063.70053476
output18,use3,443.48663102,866.56684492,318.22459893,973.34759358,505.09090909,1032.89839572
output18,use4,461.96791444,866.56684492,406.52406417,977.45454545,511.2513369,1032.89839572
output18,use5,449.64705882,848.0855615,301.79679144,948.70588235,529.73262032,1032.89839572
output18,use6,591.3368984,696.12834225,733.02673797,552.38502674,554.37433155,1047.27272727
output19,use0,788.47058824,626.31016043,952.7486631,509.26203209,576.96256684,1026.73796791
output19,use1,632.40641711,653.00534759,811.05882353,548.27807487,566.69518717,1041.11229947
output19,use2,498.93048128,737.19786096,381.88235294,780.32085561,552.32085561,1041.11229947
output19,use3,490.71657754,825.4973262,369.56149733,936.38502674,521.51871658,1045.21925134
output19,use4,533.83957219,835.76470588,418.84491979,965.13368984,509.19786096,1045.21925134
output19,use5,475.0,806.0,343.0,884.0,543.0,1048.0
output19,use6,644.72727273,683.80748663,767.93582888,527.74331551,564.64171123,1053.43315508
output20,use0,782.31016043,622.20320856,973.28342246,484.62032086,585.17647059,1039.05882353
output20,use1,677.5828877,675.59358289,841.86096257,558.54545455,566.69518717,1047.27272727
output20,use2,535.89304813,720.77005348,422.95187166,755.67914439,546.16042781,1041.11229947
output20,use3,486.60962567,819.3368984,357.24064171,936.38502674,517.41176471,1047.27272727
output20,use4,492.77005348,843.97860963,404.47058824,936.38502674,527.67914439,1051.37967914
output20,use5,468.12834225,819.3368984,301.79679144,911.74331551,535.89304813,1045.21925134
output20,use6,601.60427807,724.87700535,696.06417112,560.59893048,554.37433155,1057.54010695
output21,use0,786.4171123,613.98930481,985.60427807,492.8342246,597.4973262,1014.4171123
output21,use1,659.10160428,650.95187166,819.27272727,535.95721925,591.3368984,1034.95187166
output21,use2,511.2513369,731.03743316,447.59358289,745.41176471,564.64171123,1034.95187166
output21,use3,466.07486631,825.4973262,344.9197861,934.3315508,527.67914439,1047.27272727
output21,use4,480.44919786,829.60427807,379.82887701,917.90374332,521.51871658,1053.43315508
output21,use5,486.0,803.0,353.0,867.0,543.0,1048.0
output21,use6,583.12299465,689.96791444,718.65240642,564.70588235,560.53475936,1057.54010695
output22,use0,694.01069519,601.6684492,905.51871658,492.8342246,566.69518717,1034.95187166
output22,use1,576.96256684,663.27272727,687.85026738,560.59893048,579.01604278,1039.05882353
output22,use2,478.39572193,745.41176471,351.0802139,786.48128342,558.48128342,1047.27272727
output22,use3,459.9144385,837.81818182,338.75935829,917.90374332,529.73262032,1057.54010695
output22,use4,503.03743316,823.44385027,381.88235294,924.06417112,515.35828877,1041.11229947
output22,use5,528.0,793.0,389.0,861.0,543.0,1048.0
output22,use6,638.56684492,689.96791444,769.98930481,564.70588235,570.80213904,1051.37967914
output23,use0,769.98930481,632.47058824,942.48128342,480.51336898,564.64171123,1045.21925134
output23,use1,583.0,659.0,694.0,563.0,892.0,1056.0
output23,use2,461.96791444,757.73262032,363.40106952,757.73262032,542.05347594,1057.54010695
output23,use3,443.48663102,831.65775401,330.54545455,946.65240642,492.77005348,1051.37967914
output23,use4,486.60962567,835.76470588,404.47058824,940.49197861,496.87700535,1045.21925134
output23,use5,478.0,803.0,345.0,873.0,543.0,1048.0
output23,use6,583.12299465,696.12834225,718.65240642,529.79679144,548.21390374,1063.70053476
output24,use0,743.29411765,620.14973262,921.94652406,480.51336898,572.85561497,1053.43315508
output24,use1,591.0,666.0,707.0,574.0,892.0,1056.0
output24,use2,527.0,740.0,449.0,785.0,554.0,1033.0
output24,use3,502.0,837.0,417.0,926.0,510.0,1031.0
output24,use4,523.57219251,843.97860963,461.96791444,948.70588235,509.19786096,1022.63101604
output24,use5,487.0,832.0,376.0,939.0,543.0,1048.0
output24,use6,579.01604278,745.41176471,646.78074866,591.40106952,576.96256684,1010.31016043
output25,use0,763.82887701,622.20320856,924.0,462.03208556,583.12299465,1047.27272727
output25,use1,615.97860963,646.84491979,794.63101604,540.06417112,591.3368984,1032.89839572
output25,use2,519.0,735.0,419.0,778.0,554.0,1033.0
output25,use3,466.0,851.0,414.0,907.0,510.0,1031.0
output25,use4,486.60962567,848.0855615,398.31016043,961.02673797,509.19786096,1057.54010695
output25,use5,468.12834225,807.01604278,344.9197861,887.10160428,546.16042781,1053.43315508
output25,use6,799.0,626.0,879.0,498.0,881.0,1027.0
output26,use0,848.02139037,640.68449198,997.92513369,492.8342246,589.28342246,1045.21925134
output26,use1,607.76470588,687.9144385,769.98930481,577.02673797,583.12299465,1016.47058824
output26,use2,461.96791444,786.48128342,336.70588235,829.60427807,554.37433155,1016.47058824
output26,use3,478.39572193,856.29946524,375.72192513,946.65240642,515.35828877,1022.63101604
output26,use4,480.44919786,848.0855615,392.14973262,961.02673797,505.09090909,1014.4171123
output26,use5,485.0,803.0,366.0,837.0,543.0,1048.0
output26,use6,767.93582888,640.68449198,915.78609626,480.51336898,583.12299465,1045.21925134
output27,use0,788.47058824,640.68449198,973.28342246,505.15508021,628.29946524,1016.47058824
output27,use1,634.45989305,708.44919786,804.89839572,613.98930481,591.3368984,1026.73796791
output27,use2,503.03743316,786.48128342,388.04278075,885.04812834,554.37433155,1028.79144385
output27,use3,478.39572193,868.62032086,385.98930481,985.6684492,496.87700535,1034.95187166
output27,use4,505.09090909,848.0855615,449.64705882,952.81283422,509.19786096,1032.89839572
output27,use5,472.23529412,841.92513369,314.11764706,917.90374332,558.48128342,1030.84491979
output27,use6,611.87165775,702.28877005,728.9197861,562.65240642,566.69518717,1049.32620321
output28,use0,735.0802139,653.00534759,924.0,486.67379679,572.85561497,1055.48663102
output28,use1,579.01604278,708.44919786,722.75935829,616.04278075,566.69518717,1055.48663102
output28,use2,498.93048128,770.05347594,390.09625668,831.65775401,544.10695187,1041.11229947
output28,use3,468.12834225,837.81818182,367.50802139,950.75935829,511.2513369,1067.80748663
output28,use4,480.44919786,843.97860963,431.1657754,963.0802139,515.35828877,1043.1657754
output28,use5,449.64705882,843.97860963,289.47593583,969.24064171,509.19786096,1043.1657754
output28,use6,554.37433155,747.46524064,657.04812834,603.72192513,523.57219251,1043.1657754
output29,use0,696.06417112,642.73796791,880.87700535,501.04812834,552.32085561,1043.1657754
output29,use1,571.0,679.0,673.0,608.0,892.0,1056.0
output29,use2,480.44919786,765.94652406,381.88235294,825.4973262,552.32085561,1041.11229947
output29,use3,478.39572193,837.81818182,367.50802139,954.86631016,503.03743316,1053.43315508
output29,use4,496.87700535,846.03208556,410.63101604,942.54545455,492.77005348,1049.32620321
output29,use5,471.0,817.0,349.0,894.0,543.0,1048.0
output29,use6,615.97860963,704.34224599,739.18716578,542.11764706,579.01604278,1028.79144385
output30,use0,743.29411765,646.84491979,909.62566845,476.40641711,579.01604278,1073.96791444
output30,use1,589.28342246,685.86096257,696.06417112,579.0802139,579.01604278,1047.27272727
output30,use2,484.55614973,765.94652406,342.86631016,802.90909091,535.89304813,1061.64705882
output30,use3,468.0,858.0,412.0,907.0,510.0,1031.0
output30,use4,517.41176471,837.81818182,412.68449198,961.02673797,509.19786096,1030.84491979
output30,use5,474.0,819.0,352.0,902.0,543.0,1048.0
output30,use6,601.60427807,710.5026738,724.81283422,556.49197861,591.3368984,1022.63101604
output31,use0,689.90374332,655.05882353,891.14438503,513.36898396,576.96256684,1034.95187166
output31,use1,566.0,697.0,677.0,614.0,892.0,1056.0
output31,use2,498.93048128,776.21390374,400.36363636,839.87165775,535.89304813,1043.1657754
output31,use3,486.60962567,837.81818182,404.47058824,963.0802139,517.41176471,1061.64705882
output31,use4,505.09090909,837.81818182,441.43315508,930.22459893,503.03743316,1043.1657754
output31,use5,461.96791444,813.17647059,289.47593583,932.27807487,540.0,1047.27272727
output31,use6,597.4973262,726.93048128,737.13368984,554.43850267,564.64171123,1043.1657754
output32,use0,743.29411765,671.48663102,924.0,476.40641711,591.3368984,1037.00534759
output32,use1,597.4973262,720.77005348,730.97326203,618.09625668,589.28342246,1034.95187166
output32,use2,509.19786096,782.37433155,361.34759358,887.10160428,540.0,1063.70053476
output32,use3,509.19786096,817.28342246,404.47058824,946.65240642,509.19786096,1051.37967914
output32,use4,498.93048128,829.60427807,404.47058824,924.06417112,509.19786096,1041.11229947
output32,use5,503.03743316,800.85561497,369.56149733,856.29946524,579.01604278,1032.89839572
output32,use6,702.22459893,665.32620321,897.30481283,496.94117647,601.60427807,1022.63101604
output33,use0,757.6684492,653.00534759,940.42780749,517.47593583,615.97860963,1026.73796791
output33,use1,554.37433155,694.07486631,671.42245989,613.98930481,591.3368984,1016.47058824
output33,use2,486.60962567,770.05347594,338.75935829,868.62032086,529.73262032,1045.21925134
output33,use3,490.71657754,835.76470588,410.63101604,936.38502674,498.93048128,1022.63101604
output33,use4,505.09090909,841.92513369,418.84491979,954.86631016,527.67914439,1041.11229947
output33,use5,466.07486631,813.17647059,307.95721925,874.78074866,548.21390374,1039.05882353
output33,use6,665.26203209,665.32620321,786.4171123,486.67379679,579.01604278,1034.95187166
output34,use0,708.38502674,634.52406417,899.35828877,492.8342246,585.17647059,1026.73796791
output34,use1,561.0,697.0,644.0,622.0,582.0,1028.0
output34,use2,486.60962567,792.64171123,342.86631016,860.40641711,546.16042781,1065.7540107
output34,use3,486.60962567,856.29946524,375.72192513,965.13368984,505.09090909,1051.37967914
output34,use4,503.03743316,841.92513369,447.59358289,958.97326203,486.60962567,1045.21925134
output34,use5,472.23529412,829.60427807,295.63636364,930.22459893,540.0,1045.21925134
output34,use6,628.29946524,696.12834225,751.50802139,542.11764706,579.01604278,1020.57754011
output35,use0,739.18716578,675.59358289,915.78609626,523.63636364,613.92513369,1020.57754011
output35,use1,566.0,693.0,662.0,637.0,582.0,1028.0
output35,use2,474.28877005,757.73262032,361.34759358,788.53475936,535.89304813,1045.21925134
output35,use3,479.0,835.0,382.0,918.0,495.0,1010.0
output35,use4,467.0,880.0,491.0,881.0,517.0,1014.0
output35,use5,469.0,825.0,324.0,929.0,543.0,1048.0
output35,use6,554.37433155,745.41176471,620.0855615,603.72192513,566.69518717,1051.37967914
output36,use0,720.70588235,675.59358289,897.30481283,509.26203209,585.17647059,1059.59358289
output36,use1,585.0,687.0,703.0,613.0,582.0,1028.0
output36,use2,496.87700535,739.2513369,412.68449198,774.16042781,552.32085561,1028.79144385
output36,use3,491.0,834.0,408.0,923.0,495.0,1010.0
output36,use4,521.51871658,866.56684492,418.84491979,961.02673797,492.77005348,1039.05882353
output36,use5,480.44919786,841.92513369,338.75935829,930.22459893,511.2513369,1026.73796791
output36,use6,585.17647059,718.71657754,730.97326203,577.02673797,570.80213904,1034.95187166
output37,use0,739.18716578,616.04278075,897.30481283,472.29946524,583.12299465,1026.73796791
output37,use1,572.85561497,657.11229947,755.61497326,566.75935829,552.32085561,1041.11229947
output37,use2,496.87700535,768.0,379.82887701,819.3368984,554.37433155,1032.89839572
output37,use3,486.60962567,837.81818182,388.04278075,942.54545455,505.09090909,1028.79144385
output37,use4,492.77005348,837.81818182,394.20320856,936.38502674,492.77005348,1053.43315508
output37,use5,476.0,805.0,350.0,863.0,543.0,1048.0
output37,use6,628.29946524,683.80748663,792.57754011,523.63636364,585.17647059,1032.89839572
output38,use0,763.82887701,650.95187166,936.32085561,503.10160428,595.44385027,1045.21925134
output38,use1,597.4973262,724.87700535,755.61497326,653.00534759,572.85561497,1047.27272727
output38,use2,509.19786096,794.69518717,398.31016043,878.88770053,523.57219251,1065.7540107
output38,use3,474.28877005,862.45989305,344.9197861,989.77540107,490.71657754,1041.11229947
output38,use4,486.60962567,850.13903743,388.04278075,958.97326203,523.57219251,1032.89839572
output38,use5,484.0,812.0,362.0,880.0,543.0,1048.0
output38,use6,613.92513369,718.71657754,708.38502674,529.79679144,564.64171123,1059.59358289
output39,use0,774.09625668,638.63101604,917.83957219,480.51336898,613.92513369,1026.73796791
output39,use1,620.0855615,689.96791444,743.29411765,583.18716578,576.96256684,1045.21925134
output39,use2,503.03743316,776.21390374,404.47058824,813.17647059,548.21390374,1045.21925134
output39,use3,471.0,858.0,392.0,916.0,495.0,1010.0
output39,use4,478.39572193,854.2459893,373.6684492,940.49197861,505.09090909,1057.54010695
output39,use5,468.12834225,825.4973262,283.31550802,887.10160428,560.53475936,1047.27272727
output39,use6,609.81818182,700.23529412,751.50802139,515.42245989,607.76470588,1016.47058824
output40,use0,712.49197861,644.79144385,905.51871658,498.99465241,576.96256684,1057.54010695
output40,use1,609.81818182,677.64705882,774.09625668,579.0802139,591.3368984,1032.89839572
output40,use2,509.19786096,763.89304813,429.11229947,798.80213904,533.83957219,1041.11229947
output40,use3,500.0,842.0,455.0,891.0,498.0,1004.0
output40,use4,498.93048128,862.45989305,418.84491979,961.02673797,490.71657754,1059.59358289
output40,use5,480.44919786,819.3368984,301.79679144,891.20855615,529.73262032,1041.11229947
output40,use6,671.42245989,671.48663102,804.89839572,517.47593583,576.96256684,1020.57754011
output41,use0,774.09625668,626.31016043,948.64171123,472.29946524,609.81818182,1022.63101604
output41,use1,613.92513369,694.07486631,739.18716578,603.72192513,572.85561497,1063.70053476
output41,use2,509.19786096,755.67914439,381.88235294,823.44385027,548.21390374,1045.21925134
output41,use3,490.71657754,841.92513369,363.40106952,922.01069519,480.44919786,1032.89839572
output41,use4,527.67914439,854.2459893,435.27272727,948.70588235,486.60962567,1020.57754011
output41,use5,486.60962567,831.65775401,312.06417112,897.36898396,535.89304813,1034.95187166
output41,use6,689.90374332,669.43315508,831.59358289,486.67379679,585.17647059,1016.47058824
output42,use0,819.27272727,628.36363636,1010.2459893,474.35294118,591.3368984,1041.11229947
output42,use1,657.04812834,681.7540107,854.18181818,570.86631016,576.96256684,1053.43315508
output42,use2,503.03743316,751.57219251,437.32620321,755.67914439,535.89304813,1063.70053476
output42,use3,509.19786096,843.97860963,367.50802139,948.70588235,517.41176471,1051.37967914
output42,use4,540.0,854.2459893,468.12834225,985.6684492,505.09090909,1059.59358289
output42,use5,490.71657754,837.81818182,314.11764706,946.65240642,529.73262032,1076.02139037
output42,use6,585.17647059,737.19786096,675.52941176,552.38502674,570.80213904,1045.21925134
output43,use0,786.4171123,644.79144385,930.16042781,441.4973262,603.65775401,1032.89839572
output43,use1,669.36898396,681.7540107,823.37967914,548.27807487,601.60427807,1032.89839572
output43,use2,503.03743316,768.0,388.04278075,841.92513369,523.57219251,1071.9144385
output43,use3,496.87700535,872.72727273,410.63101604,977.45454545,505.09090909,1045.21925134
output43,use4,523.57219251,848.0855615,443.48663102,967.18716578,505.09090909,1034.95187166
output43,use5,466.07486631,813.17647059,293.5828877,885.04812834,546.16042781,1034.95187166
output43,use6,687.85026738,646.84491979,788.47058824,474.35294118,585.17647059,1028.79144385
output44,use0,743.29411765,632.47058824,899.35828877,455.87165775,597.4973262,1034.95187166
output44,use1,572.85561497,683.80748663,683.74331551,560.59893048,579.01604278,1045.21925134
output44,use2,484.55614973,798.80213904,338.75935829,856.29946524,523.57219251,1045.21925134
output44,use3,473.0,874.0,430.0,928.0,498.0,1004.0
output44,use4,527.67914439,848.0855615,425.00534759,946.65240642,521.51871658,1057.54010695
output44,use5,498.93048128,811.12299465,326.43850267,872.72727273,548.21390374,1059.59358289
output44,use6,663.20855615,681.7540107,792.57754011,509.26203209,579.01604278,1063.70053476
output45,use0,751.50802139,613.98930481,915.78609626,437.39037433,595.44385027,1057.54010695
output45,use1,591.3368984,677.64705882,706.3315508,570.86631016,579.01604278,1053.43315508
output45,use2,508.0,753.0,413.0,814.0,554.0,1033.0
output45,use3,486.0,863.0,415.0,926.0,498.0,1004.0
output45,use4,517.41176471,856.29946524,422.95187166,967.18716578,503.03743316,1051.37967914
output45,use5,480.44919786,813.17647059,314.11764706,891.20855615,533.83957219,1045.21925134
output45,use6,570.80213904,714.60962567,683.74331551,570.86631016,576.96256684,1047.27272727
output46,use0,702.22459893,640.68449198,878.82352941,472.29946524,620.0855615,1026.73796791
output46,use1,556.0,668.0,665.0,584.0,582.0,1028.0
output46,use2,498.0,754.0,412.0,792.0,554.0,1033.0
output46,use3,489.0,849.0,416.0,920.0,498.0,1004.0
output46,use4,455.0,885.0,487.0,905.0,504.0,1022.0
output46,use5,466.0,826.0,333.0,909.0,543.0,1048.0
output46,use6,576.96256684,714.60962567,702.22459893,529.79679144,589.28342246,1047.27272727
output47,use0,712.49197861,657.11229947,868.55614973,480.51336898,609.81818182,1028.79144385
output47,use1,601.60427807,683.80748663,733.02673797,540.06417112,609.81818182,1010.31016043
output47,use2,486.60962567,763.89304813,381.88235294,751.57219251,564.64171123,1047.27272727
output47,use3,498.93048128,835.76470588,373.6684492,934.3315508,523.57219251,1032.89839572
output47,use4,511.2513369,856.29946524,416.79144385,952.81283422,515.35828877,1076.02139037
output47,use5,489.0,819.0,366.0,880.0,543.0,1048.0
output47,use6,583.12299465,712.55614973,689.90374332,566.75935829,572.85561497,1034.95187166
output48,use0,714.54545455,638.63101604,880.87700535,466.13903743,613.92513369,1008.25668449
output48,use1,607.76470588,696.12834225,743.29411765,558.54545455,634.45989305,1016.47058824
output48,use2,517.41176471,763.89304813,381.88235294,807.01604278,533.83957219,1041.11229947
output48,use3,499.0,807.0,420.0,879.0,498.0,1004.0
output48,use4,515.35828877,831.65775401,398.31016043,917.90374332,498.93048128,1047.27272727
output48,use5,486.60962567,823.44385027,336.70588235,841.92513369,540.0,1053.43315508
output48,use6,628.29946524,720.77005348,726.86631016,523.63636364,583.12299465,1016.47058824
output49,use0,726.86631016,663.27272727,891.14438503,480.51336898,597.4973262,1022.63101604
output49,use1,595.44385027,700.23529412,669.36898396,558.54545455,597.4973262,1020.57754011
output49,use2,517.41176471,761.83957219,392.14973262,823.44385027,527.67914439,1045.21925134
output49,use3,521.51871658,837.81818182,400.36363636,940.49197861,511.2513369,1032.89839572
output49,use4,527.67914439,856.29946524,429.11229947,942.54545455,515.35828877,1041.11229947
output49,use5,480.44919786,837.81818182,318.22459893,854.2459893,533.83957219,1028.79144385
output49,use6,595.44385027,687.9144385,726.86631016,527.74331551,589.28342246,1041.11229947
output50,use0,689.90374332,644.79144385,884.98395722,496.94117647,597.4973262,1051.37967914
output50,use1,542.05347594,681.7540107,671.42245989,577.02673797,579.01604278,1057.54010695
output50,use2,486.60962567,763.89304813,342.86631016,823.44385027,552.32085561,1047.27272727
output50,use3,507.0,828.0,433.0,923.0,498.0,1004.0
output50,use4,515.35828877,848.0855615,437.32620321,954.86631016,515.35828877,1045.21925134
output50,use5,474.28877005,835.76470588,293.5828877,903.52941176,542.05347594,1032.89839572
output50,use6,572.85561497,718.71657754,652.94117647,591.40106952,585.17647059,1051.37967914
output51,use0,700.17112299,640.68449198,848.02139037,474.35294118,595.44385027,1045.21925134
output51,use1,595.44385027,669.43315508,751.50802139,560.59893048,601.60427807,1026.73796791
output51,use2,509.19786096,743.35828877,437.32620321,726.93048128,552.32085561,1059.59358289
output51,use3,479.0,823.0,384.0,890.0,498.0,1004.0
output51,use4,490.71657754,848.0855615,412.68449198,924.06417112,505.09090909,1039.05882353
output51,use5,480.44919786,831.65775401,326.43850267,903.52941176,521.51871658,1045.21925134
output51,use6,521.51871658,749.51871658,474.28877005,669.43315508,572.85561497,1059.59358289
output52,use0,694.01069519,644.79144385,854.18181818,474.35294118,579.01604278,1059.59358289
output52,use1,638.56684492,687.9144385,811.05882353,554.43850267,622.13903743,1008.25668449
output52,use2,511.2513369,718.71657754,523.57219251,745.41176471,554.37433155,1051.37967914
output52,use3,479.0,805.0,381.0,887.0,498.0,1004.0
output52,use4,486.60962567,850.13903743,431.1657754,971.29411765,517.41176471,1071.9144385
output52,use5,472.23529412,823.44385027,314.11764706,958.97326203,527.67914439,1051.37967914
output52,use6,517.41176471,743.35828877,529.73262032,597.56149733,548.21390374,1069.86096257
output53,use0,681.68983957,626.31016043,866.5026738,468.19251337,572.85561497,1082.18181818
output53,use1,576.0,660.0,696.0,569.0,582.0,1028.0
output53,use2,511.2513369,733.09090909,416.79144385,720.77005348,548.21390374,1063.70053476
output53,use3,507.0,814.0,436.0,886.0,498.0,1004.0
output53,use4,527.67914439,854.2459893,443.48663102,942.54545455,523.57219251,1057.54010695
output53,use5,508.0,811.0,374.0,873.0,529.0,1034.0
output53,use6,564.64171123,743.35828877,583.12299465,607.82887701,579.01604278,1022.63101604
output54,use0,694.01069519,659.1657754,893.19786096,517.47593583,591.3368984,1032.89839572
output54,use1,587.0,678.0,709.0,580.0,582.0,1028.0
output54,use2,509.19786096,749.51871658,416.79144385,755.67914439,542.05347594,1057.54010695
output54,use3,478.0,843.0,374.0,907.0,498.0,1004.0
output54,use4,511.2513369,829.60427807,425.00534759,946.65240642,521.51871658,1065.7540107
output54,use5,514.0,820.0,393.0,889.0,529.0,1034.0
output54,use6,597.4973262,761.83957219,671.42245989,665.32620321,583.12299465,1014.4171123
output55,use0,726.86631016,669.43315508,948.64171123,552.38502674,607.76470588,1034.95187166
output55,use1,607.76470588,712.55614973,774.09625668,593.45454545,570.80213904,1061.64705882
output55,use2,496.87700535,784.42780749,381.88235294,823.44385027,560.53475936,1055.48663102
output55,use3,480.0,860.0,406.0,926.0,498.0,1004.0
output55,use4,505.09090909,854.2459893,418.84491979,934.3315508,505.09090909,1051.37967914
output55,use5,461.96791444,817.28342246,326.43850267,897.36898396,552.32085561,1057.54010695
output55,use6,615.97860963,735.14438503,755.61497326,589.34759358,613.92513369,1018.52406417
output56,use0,706.3315508,710.5026738,893.19786096,525.68983957,585.17647059,1067.80748663
output56,use1,570.80213904,706.39572193,702.22459893,620.14973262,591.3368984,1039.05882353
output56,use2,487.0,783.0,399.0,824.0,559.0,1031.0
output56,use3,463.0,865.0,401.0,926.0,498.0,1004.0
output56,use4,478.0,872.0,464.0,926.0,515.0,1031.0
output56,use5,472.23529412,829.60427807,295.63636364,928.17112299,533.83957219,1055.48663102
output56,use6,560.53475936,759.78609626,605.71122995,636.57754011,560.53475936,1043.1657754
output57,use0,708.38502674,685.86096257,889.09090909,521.5828877,593.39037433,1043.1657754
output57,use1,573.0,705.0,684.0,620.0,582.0,1028.0
output57,use2,535.89304813,759.78609626,412.68449198,784.42780749,552.32085561,1051.37967914
output57,use3,489.0,833.0,404.0,886.0,498.0,1004.0
output57,use4,463.0,876.0,480.0,889.0,515.0,1031.0
output57,use5,478.0,825.0,364.0,898.0,529.0,1034.0
output57,use6,581.06951872,747.46524064,708.38502674,583.18716578,581.06951872,1039.05882353
output58,use0,753.56149733,648.89839572,913.73262032,521.5828877,609.81818182,1030.84491979
output58,use1,618.03208556,702.28877005,774.09625668,603.72192513,613.92513369,1030.84491979
output58,use2,531.0,753.0,480.0,791.0,559.0,1031.0
output58,use3,494.0,837.0,382.0,897.0,498.0,1004.0
output58,use4,491.0,877.0,494.0,888.0,515.0,1031.0
output58,use5,478.0,838.0,363.0,930.0,529.0,1034.0
output58,use6,523.57219251,763.89304813,498.93048128,653.00534759,560.53475936,1043.1657754
output59,use0,716.59893048,648.89839572,889.09090909,468.19251337,589.28342246,1030.84491979
output59,use1,691.95721925,671.48663102,839.80748663,535.95721925,622.13903743,1012.36363636
output59,use2,521.51871658,739.2513369,570.80213904,671.48663102,544.10695187,1049.32620321
output59,use3,486.0,804.0,347.0,879.0,498.0,1004.0
output59,use4,486.0,867.0,469.0,923.0,515.0,1031.0
output59,use5,529.0,816.0,455.0,894.0,529.0,1034.0
output59,use6,529.73262032,763.89304813,404.47058824,794.69518717,558.48128342,1063.70053476
output60,use0,688.6675778,624.30485468,877.08200126,479.6634791,603.02465804,1041.10039749
output60,use1,702.22459893,646.84491979,872.6631016,523.63636364,609.81818182,1026.73796791
output60,use2,587.22994652,712.55614973,550.26737968,792.64171123,572.85561497,1051.37967914
output60,use3,536.0,803.0,482.0,915.0,498.0,1004.0
output60,use4,473.0,879.0,526.0,908.0,515.0,1031.0
output60,use5,482.0,814.0,389.0,931.0,529.0,1034.0
output60,use6,554.37433155,733.09090909,613.92513369,628.36363636,570.80213904,1043.1657754
output61,use0,737.13368984,640.68449198,936.32085561,517.47593583,613.92513369,1034.95187166
output61,use1,575.0,679.0,698.0,597.0,898.0,1055.0
output61,use2,537.0,759.0,464.0,781.0,559.0,1031.0
output61,use3,503.0,835.0,423.0,930.0,498.0,1004.0
output61,use4,507.14438503,864.51336898,422.95187166,942.54545455,498.93048128,1030.84491979
output61,use5,475.0,817.0,343.0,890.0,529.0,1034.0
output61,use6,560.0,678.0,618.0,597.0,875.0,1035.0
output62,use0,733.02673797,642.73796791,899.35828877,492.8342246,607.76470588,1034.95187166
output62,use1,622.13903743,687.9144385,806.95187166,566.75935829,591.3368984,1016.47058824
output62,use2,506.0,740.0,499.0,778.0,559.0,1031.0
output62,use3,474.0,835.0,396.0,907.0,498.0,1004.0
output62,use4,470.0,877.0,504.0,882.0,515.0,1031.0
output62,use5,481.0,812.0,349.0,910.0,529.0,1034.0
output62,use6,540.0,747.46524064,521.51871658,650.95187166,570.80213904,1030.84491979
output63,use0,724.81283422,655.05882353,884.98395722,474.35294118,609.81818182,1034.95187166
output63,use1,644.72727273,687.9144385,831.59358289,548.27807487,599.55080214,1034.95187166
output63,use2,521.51871658,733.09090909,515.35828877,770.05347594,554.37433155,1047.27272727
output63,use3,520.0,830.0,427.0,913.0,498.0,1004.0
output63,use4,492.0,873.0,504.0,893.0,515.0,1031.0
output63,use5,495.0,825.0,394.0,901.0,529.0,1034.0
output63,use6,562.58823529,733.09090909,566.69518717,581.13368984,566.69518717,1057.54010695
output64,use0,761.77540107,640.68449198,917.83957219,484.62032086,599.55080214,1012.36363636
output64,use1,663.20855615,687.9144385,839.80748663,548.27807487,607.76470588,1034.95187166
output64,use2,548.21390374,757.73262032,478.39572193,794.69518717,566.69518717,1030.84491979
output64,use3,500.0,807.0,417.0,888.0,498.0,1004.0
output64,use4,454.0,893.0,499.0,864.0,515.0,1031.0
output64,use5,434.0,802.0,296.0,877.0,529.0,1034.0
output64,use6,533.83957219,743.35828877,498.93048128,609.88235294,566.69518717,1030.84491979
output65,use0,733.02673797,605.77540107,887.03743316,457.92513369,628.29946524,1006.20320856
output65,use1,665.26203209,661.21925134,866.5026738,554.43850267,626.2459893,1024.68449198
output65,use2,492.77005348,739.2513369,591.3368984,724.87700535,570.80213904,1030.84491979
output65,use3,505.0,805.0,394.0,885.0,498.0,1004.0
output65,use4,508.0,845.0,507.0,885.0,515.0,1031.0
output65,use5,500.0,803.0,441.0,888.0,529.0,1034.0
output65,use6,461.96791444,772.10695187,336.70588235,714.60962567,540.0,1034.95187166
output66,use0,677.5828877,595.50802139,858.28877005,425.06951872,589.28342246,1049.32620321
output66,use1,733.02673797,624.25668449,880.87700535,507.20855615,618.03208556,1028.79144385
output66,use2,529.73262032,724.87700535,698.11764706,655.05882353,554.37433155,1020.57754011
output66,use3,517.0,801.0,403.0,867.0,498.0,1004.0
output66,use4,530.0,869.0,589.0,637.0,515.0,1031.0
output66,use5,500.0,846.0,503.0,877.0,529.0,1034.0
output66,use6,451.70053476,798.80213904,281.26203209,854.2459893,535.89304813,1016.47058824
output67,use0,548.21390374,683.80748663,618.03208556,503.10160428,562.58823529,1024.68449198
output67,use1,609.81818182,646.84491979,780.25668449,529.79679144,540.0,997.98930481
output67,use2,447.59358289,739.2513369,492.77005348,673.54010695,498.93048128,1057.54010695
output67,use3,396.25668449,846.03208556,229.92513369,936.38502674,466.07486631,1043.1657754
output67,use4,455.80748663,864.51336898,400.36363636,961.02673797,476.34224599,1065.7540107
output67,use5,406.52406417,827.55080214,275.10160428,917.90374332,492.77005348,1047.27272727
output67,use6,484.55614973,710.5026738,572.85561497,572.9197861,533.83957219,1030.84491979
output68,use0,669.36898396,646.84491979,854.18181818,517.47593583,525.62566845,1020.57754011
output68,use1,548.21390374,687.9144385,743.29411765,603.72192513,521.51871658,1024.68449198
output68,use2,433.0,722.0,389.0,753.0,559.0,1031.0
output68,use3,414.73796791,825.4973262,285.36898396,895.31550802,480.44919786,1053.43315508
output68,use4,443.48663102,843.97860963,404.47058824,901.47593583,496.87700535,1043.1657754
output68,use5,422.95187166,794.69518717,234.03208556,899.42245989,511.2513369,1071.9144385
output68,use6,517.41176471,733.09090909,589.28342246,581.13368984,540.0,1024.68449198
output69,use0,683.74331551,642.73796791,866.5026738,484.62032086,572.85561497,1006.20320856
output69,use1,599.55080214,646.84491979,821.32620321,550.3315508,576.96256684,983.61497326
output69,use2,429.11229947,710.5026738,511.2513369,661.21925134,535.89304813,1034.95187166
output69,use3,404.47058824,817.28342246,252.51336898,909.68983957,496.87700535,1039.05882353
output69,use4,447.59358289,850.13903743,367.50802139,928.17112299,470.18181818,1043.1657754
output69,use5,392.14973262,821.39037433,256.62032086,917.90374332,496.87700535,1030.84491979
output69,use6,533.83957219,679.70053476,628.29946524,531.85026738,535.89304813,1061.64705882
output70,use0,710.43850267,640.68449198,880.87700535,511.31550802,533.83957219,1053.43315508
output70,use1,581.06951872,677.64705882,755.61497326,562.65240642,533.83957219,1034.95187166
output70,use2,443.48663102,747.46524064,332.59893048,770.05347594,492.77005348,1034.95187166
output70,use3,418.84491979,821.39037433,270.99465241,909.68983957,455.80748663,1061.64705882
output70,use4,478.39572193,862.45989305,414.73796791,913.79679144,447.59358289,1053.43315508
output70,use5,432.0,815.0,326.0,895.0,529.0,1034.0
output70,use6,461.96791444,770.05347594,480.44919786,659.1657754,511.2513369,1065.7540107
output71,use0,654.99465241,665.32620321,790.52406417,521.5828877,515.35828877,1057.54010695
output71,use1,562.58823529,679.70053476,739.18716578,550.3315508,544.10695187,1049.32620321
output71,use2,447.59358289,753.62566845,410.63101604,716.6631016,492.77005348,1076.02139037
output71,use3,422.95187166,839.87165775,256.62032086,899.42245989,480.44919786,1061.64705882
output71,use4,443.48663102,858.35294118,396.25668449,917.90374332,470.18181818,1065.7540107
output71,use5,406.52406417,839.87165775,256.62032086,913.79679144,459.9144385,1053.43315508
output71,use6,451.70053476,765.94652406,474.28877005,595.50802139,488.6631016,1047.27272727
output72,use0,691.95721925,628.36363636,825.43315508,498.99465241,521.51871658,1067.80748663
output72,use1,589.28342246,687.9144385,765.88235294,548.27807487,535.89304813,1065.7540107
output72,use2,451.70053476,776.21390374,396.25668449,765.94652406,488.6631016,1049.32620321
output72,use3,413.0,832.0,303.0,885.0,498.0,1004.0
output72,use4,429.11229947,839.87165775,359.29411765,913.79679144,459.9144385,1047.27272727
output72,use5,388.04278075,825.4973262,207.3368984,872.72727273,515.35828877,1047.27272727
output72,use6,451.70053476,728.98395722,488.6631016,587.29411765,507.14438503,1049.32620321
output73,use0,618.03208556,659.1657754,790.52406417,521.5828877,529.73262032,1043.1657754
output73,use1,511.2513369,710.5026738,677.5828877,595.50802139,540.0,1047.27272727
output73,use2,418.84491979,757.73262032,349.02673797,776.21390374,525.62566845,1076.02139037
output73,use3,433.21925134,813.17647059,285.36898396,901.47593583,480.44919786,1057.54010695
output73,use4,425.00534759,821.39037433,330.54545455,899.42245989,466.07486631,1049.32620321
output73,use5,381.88235294,790.58823529,219.65775401,854.2459893,488.6631016,1067.80748663
output73,use6,531.0,700.0,611.0,801.0,875.0,1035.0
output74,use0,691.95721925,659.1657754,831.59358289,521.5828877,521.51871658,1053.43315508
output74,use1,576.96256684,683.80748663,761.77540107,558.54545455,515.35828877,1016.47058824
output74,use2,447.59358289,761.83957219,404.47058824,724.87700535,492.77005348,1067.80748663
output74,use3,406.52406417,809.06951872,240.19251337,928.17112299,461.96791444,1057.54010695
output74,use4,422.95187166,821.39037433,318.22459893,901.47593583,459.9144385,1047.27272727
output74,use5,369.56149733,821.39037433,203.22994652,862.45989305,492.77005348,1024.68449198
output74,use6,480.44919786,716.6631016,533.83957219,566.75935829,511.2513369,1047.27272727
output75,use0,659.10160428,655.05882353,829.54010695,525.68983957,533.83957219,1012.36363636
output75,use1,547.0,675.0,645.0,635.0,895.0,1058.0
output75,use2,433.21925134,770.05347594,349.02673797,770.05347594,496.87700535,1043.1657754
output75,use3,422.95187166,831.65775401,281.26203209,899.42245989,461.96791444,1057.54010695
output75,use4,443.48663102,839.87165775,359.29411765,913.79679144,455.80748663,1061.64705882
output75,use5,406.52406417,817.28342246,225.81818182,835.76470588,480.44919786,1049.32620321
output75,use6,535.89304813,683.80748663,654.99465241,540.06417112,521.51871658,1053.43315508
output76,use0,700.17112299,646.84491979,821.32620321,529.79679144,535.89304813,1039.05882353
output76,use1,515.35828877,702.28877005,718.65240642,591.40106952,515.35828877,1057.54010695
output76,use2,422.95187166,772.10695187,322.3315508,798.80213904,496.87700535,1020.57754011
output76,use3,425.00534759,827.55080214,277.15508021,919.95721925,455.80748663,1057.54010695
output76,use4,429.11229947,825.4973262,322.3315508,913.79679144,437.32620321,1049.32620321
output76,use5,385.98930481,809.06951872,219.65775401,868.62032086,496.87700535,1030.84491979
output76,use6,576.96256684,710.5026738,665.26203209,525.68983957,540.0,1024.68449198
output77,use0,669.36898396,696.12834225,831.59358289,535.95721925,554.37433155,1012.36363636
output77,use1,523.0,685.0,609.0,628.0,895.0,1058.0
output77,use2,441.43315508,770.05347594,314.11764706,776.21390374,492.77005348,1061.64705882
output77,use3,414.73796791,807.01604278,262.78074866,882.99465241,451.70053476,1047.27272727
output77,use4,437.32620321,827.55080214,322.3315508,901.47593583,447.59358289,1057.54010695
output77,use5,396.25668449,788.53475936,240.19251337,864.51336898,496.87700535,1049.32620321
output77,use6,558.48128342,673.54010695,696.06417112,517.47593583,517.41176471,1039.05882353
output78,use0,663.20855615,622.20320856,831.59358289,498.99465241,554.37433155,1020.57754011
output78,use1,524.0,651.0,634.0,574.0,895.0,1058.0
output78,use2,425.00534759,733.09090909,388.04278075,733.09090909,470.18181818,1065.7540107
output78,use3,392.14973262,831.65775401,275.10160428,913.79679144,459.9144385,1030.84491979
output78,use4,429.11229947,825.4973262,332.59893048,936.38502674,437.32620321,1080.12834225
output78,use5,406.52406417,802.90909091,221.71122995,899.42245989,461.96791444,1071.9144385
output78,use6,503.03743316,702.28877005,636.51336898,535.95721925,515.35828877,1047.27272727
output79,use0,673.47593583,646.84491979,831.59358289,480.51336898,517.41176471,1057.54010695
output79,use1,541.0,674.0,643.0,631.0,895.0,1058.0
output79,use2,404.47058824,747.46524064,470.18181818,720.77005348,503.03743316,1043.1657754
output79,use3,388.04278075,825.4973262,225.81818182,928.17112299,470.18181818,1067.80748663
output79,use4,410.63101604,831.65775401,285.36898396,938.43850267,470.18181818,1076.02139037
output79,use5,373.6684492,835.76470588,188.85561497,928.17112299,478.39572193,1065.7540107
output79,use6,459.9144385,743.35828877,544.10695187,622.20320856,498.93048128,1049.32620321
output80,use0,673.47593583,661.21925134,850.07486631,517.47593583,521.51871658,1049.32620321
output80,use1,570.80213904,720.77005348,792.57754011,632.47058824,515.35828877,1057.54010695
output80,use2,459.9144385,776.21390374,392.14973262,839.87165775,517.41176471,1057.54010695
output80,use3,455.80748663,846.03208556,281.26203209,954.86631016,466.07486631,1080.12834225
output80,use4,480.44919786,839.87165775,396.25668449,928.17112299,451.70053476,1084.23529412
output80,use5,425.00534759,780.32085561,234.03208556,868.62032086,525.62566845,1053.43315508
output80,use6,591.3368984,673.54010695,769.98930481,503.10160428,511.2513369,1084.23529412
output81,use0,585.17647059,636.57754011,802.84491979,507.20855615,521.51871658,1080.12834225
output81,use1,558.48128342,665.32620321,724.81283422,548.27807487,496.87700535,1094.5026738
output81,use2,437.32620321,728.98395722,344.9197861,751.57219251,478.39572193,1057.54010695
output81,use3,373.6684492,813.17647059,203.22994652,905.5828877,466.07486631,1102.71657754
output81,use4,437.32620321,813.17647059,359.29411765,891.20855615,441.43315508,1065.7540107
output81,use5,414.73796791,813.17647059,266.88770053,891.20855615,488.6631016,1039.05882353
output81,use6,498.93048128,702.28877005,562.58823529,599.61497326,515.35828877,1047.27272727
output82,use0,632.40641711,618.09625668,821.32620321,529.79679144,535.89304813,1030.84491979
output82,use1,511.2513369,692.02139037,628.29946524,599.61497326,521.51871658,1043.1657754
output82,use2,429.11229947,772.10695187,262.78074866,846.03208556,478.39572193,1065.7540107
output82,use3,441.43315508,843.97860963,359.29411765,913.79679144,484.55614973,1043.1657754
output82,use4,439.0,884.0,444.0,902.0,456.0,1003.0
output82,use5,406.52406417,784.42780749,244.29946524,887.10160428,480.44919786,1061.64705882
output82,use6,441.43315508,716.6631016,503.03743316,622.20320856,507.14438503,1047.27272727
output83,use0,613.92513369,622.20320856,780.25668449,494.88770053,515.35828877,1067.80748663
output83,use1,535.89304813,646.84491979,702.22459893,544.17112299,521.51871658,1049.32620321
output83,use2,437.32620321,689.96791444,336.70588235,704.34224599,513.30481283,1045.21925134
output83,use3,404.47058824,778.26737968,258.67379679,870.67379679,478.39572193,1073.96791444
output83,use4,443.48663102,848.0855615,418.84491979,893.26203209,461.96791444,1055.48663102
output83,use5,400.0,796.0,310.0,866.0,529.0,1034.0
output83,use6,470.18181818,694.07486631,548.21390374,568.81283422,521.51871658,1012.36363636
output84,use0,599.55080214,626.31016043,784.36363636,501.04812834,535.89304813,1008.25668449
output84,use1,484.55614973,671.48663102,581.06951872,583.18716578,511.2513369,1041.11229947
output84,use2,396.25668449,739.2513369,285.36898396,753.62566845,492.77005348,1014.4171123
output84,use3,410.63101604,786.48128342,277.15508021,893.26203209,443.48663102,1078.07486631
output84,use4,433.21925134,827.55080214,377.77540107,885.04812834,466.07486631,1059.59358289
output84,use5,400.36363636,790.58823529,240.19251337,878.88770053,480.44919786,1055.48663102
output84,use6,488.6631016,679.70053476,591.3368984,533.90374332,521.51871658,1018.52406417
output85,use0,677.5828877,630.4171123,829.54010695,449.71122995,496.87700535,1078.07486631
output85,use1,520.0,678.0,612.0,601.0,528.0,1023.0
output85,use2,418.84491979,755.67914439,303.85026738,759.78609626,492.77005348,1051.37967914
output85,use3,429.11229947,829.60427807,266.88770053,885.04812834,478.39572193,1063.70053476
output85,use4,470.18181818,852.19251337,422.95187166,934.3315508,455.80748663,1032.89839572
output85,use5,396.25668449,827.55080214,258.67379679,922.01069519,488.6631016,1055.48663102
output85,use6,443.48663102,726.93048128,478.39572193,579.0802139,517.41176471,1049.32620321
output86,use0,599.55080214,638.63101604,769.98930481,468.19251337,521.51871658,1086.28877005
output86,use1,521.51871658,685.86096257,632.40641711,542.11764706,521.51871658,1041.11229947
output86,use2,400.36363636,759.78609626,275.10160428,774.16042781,492.77005348,1063.70053476
output86,use3,422.95187166,837.81818182,299.74331551,948.70588235,470.18181818,1082.18181818
output86,use4,480.44919786,866.56684492,437.32620321,934.3315508,429.11229947,1073.96791444
output86,use5,410.63101604,804.96256684,256.62032086,940.49197861,488.6631016,1088.34224599
output86,use6,474.28877005,726.93048128,525.62566845,589.34759358,525.62566845,1041.11229947
output87,use0,673.47593583,620.14973262,835.70053476,482.56684492,533.83957219,1045.21925134
output87,use1,507.14438503,698.18181818,683.74331551,583.18716578,503.03743316,1069.86096257
output87,use2,425.00534759,782.37433155,285.36898396,809.06951872,488.6631016,1073.96791444
output87,use3,447.59358289,827.55080214,340.81283422,926.11764706,451.70053476,1055.48663102
output87,use4,474.28877005,852.19251337,437.32620321,907.63636364,443.48663102,1059.59358289
output87,use5,385.98930481,827.55080214,201.17647059,911.74331551,466.07486631,1063.70053476
output87,use6,478.39572193,694.07486631,591.3368984,579.0802139,492.77005348,1014.4171123
output88,use0,669.36898396,638.63101604,858.28877005,486.67379679,515.35828877,1051.37967914
output88,use1,521.51871658,663.27272727,665.26203209,564.70588235,525.62566845,1022.63101604
output88,use2,425.00534759,774.16042781,285.36898396,819.3368984,484.55614973,1067.80748663
output88,use3,414.73796791,841.92513369,318.22459893,963.0802139,443.48663102,1069.86096257
output88,use4,478.39572193,852.19251337,396.25668449,956.9197861,447.59358289,1067.80748663
output88,use5,441.43315508,819.3368984,240.19251337,907.63636364,478.39572193,1082.18181818
output88,use6,562.58823529,685.86096257,669.36898396,550.3315508,488.6631016,1086.28877005
output89,use0,739.18716578,634.52406417,930.16042781,550.3315508,523.57219251,1049.32620321
output89,use1,536.0,655.0,632.0,622.0,528.0,1023.0
output89,use2,396.25668449,735.14438503,281.26203209,790.58823529,466.07486631,1041.11229947
output89,use3,418.84491979,815.22994652,256.62032086,948.70588235,451.70053476,1088.34224599
output89,use4,461.96791444,870.67379679,363.40106952,977.45454545,451.70053476,1051.37967914
output89,use5,400.36363636,856.29946524,244.29946524,952.81283422,492.77005348,1073.96791444
output89,use6,558.48128342,712.55614973,683.74331551,552.38502674,507.14438503,1037.00534759
output90,use0,728.9197861,657.11229947,880.87700535,515.42245989,515.35828877,1078.07486631
output90,use1,527.0,698.0,589.0,666.0,528.0,1023.0
output90,use2,447.59358289,819.3368984,299.74331551,882.99465241,496.87700535,1069.86096257
output90,use3,474.28877005,870.67379679,363.40106952,975.40106952,459.9144385,1069.86096257
output90,use4,459.9144385,866.56684492,406.52406417,967.18716578,474.28877005,1063.70053476
output90,use5,407.0,812.0,283.0,893.0,471.0,1011.0
output90,use6,552.32085561,681.7540107,665.26203209,515.42245989,503.03743316,1073.96791444
output91,use0,687.85026738,607.82887701,835.70053476,464.0855615,535.89304813,1037.00534759
output91,use1,515.35828877,675.59358289,683.74331551,589.34759358,498.93048128,1069.86096257
output91,use2,406.52406417,804.96256684,295.63636364,866.56684492,492.77005348,1047.27272727
output91,use3,400.36363636,860.40641711,252.51336898,952.81283422,474.28877005,1063.70053476
output91,use4,414.73796791,848.0855615,312.06417112,936.38502674,459.9144385,1045.21925134
output91,use5,392.14973262,815.22994652,219.65775401,874.78074866,492.77005348,1084.23529412
output91,use6,581.06951872,675.59358289,737.13368984,519.52941176,498.93048128,1047.27272727
output92,use0,691.95721925,630.4171123,858.28877005,486.67379679,529.73262032,1032.89839572
output92,use1,531.78609626,685.86096257,622.13903743,560.59893048,513.30481283,1041.11229947
output92,use2,406.52406417,751.57219251,277.15508021,755.67914439,511.2513369,1055.48663102
output92,use3,422.95187166,804.96256684,281.26203209,903.52941176,474.28877005,1096.55614973
output92,use4,425.00534759,796.7486631,289.47593583,860.40641711,474.28877005,1047.27272727
output92,use5,414.73796791,782.37433155,221.71122995,819.3368984,511.2513369,1045.21925134
output92,use6,581.06951872,657.11229947,724.81283422,523.63636364,521.51871658,1028.79144385
output93,use0,700.17112299,648.89839572,887.03743316,482.56684492,492.77005348,1106.82352941
output93,use1,520.0,685.0,591.0,640.0,528.0,1023.0
output93,use2,422.95187166,770.05347594,256.62032086,796.7486631,474.28877005,1069.86096257
output93,use3,441.43315508,823.44385027,318.22459893,878.88770053,461.96791444,1073.96791444
output93,use4,422.95187166,833.71122995,275.10160428,897.36898396,437.32620321,1078.07486631
output93,use5,377.77540107,804.96256684,293.5828877,774.16042781,492.77005348,1073.96791444
output93,use6,622.13903743,677.64705882,761.77540107,486.67379679,503.03743316,1026.73796791
output94,use0,720.70588235,648.89839572,858.28877005,486.67379679,511.2513369,1059.59358289
output94,use1,540.0,677.64705882,646.78074866,560.59893048,496.87700535,1063.70053476
output94,use2,418.84491979,786.48128342,252.51336898,800.85561497,470.18181818,1059.59358289
output94,use3,422.95187166,837.81818182,303.85026738,922.01069519,455.80748663,1069.86096257
output94,use4,451.70053476,860.40641711,277.15508021,967.18716578,443.48663102,1032.89839572
output94,use5,422.95187166,796.7486631,252.51336898,833.71122995,470.18181818,1037.00534759
output94,use6,612.0,648.0,735.0,507.0,757.0,1000.0
output95,use0,687.85026738,644.79144385,858.28877005,478.45989305,521.51871658,1026.73796791
output95,use1,497.0,675.0,564.0,655.0,528.0,1023.0
output95,use2,402.4171123,786.48128342,256.62032086,763.89304813,480.44919786,1059.59358289
output95,use3,406.52406417,823.44385027,287.42245989,915.85026738,443.48663102,1051.37967914
output95,use4,457.86096257,829.60427807,299.74331551,893.26203209,457.86096257,1063.70053476
output95,use5,383.93582888,823.44385027,221.71122995,823.44385027,480.44919786,1073.96791444
output95,use6,558.48128342,704.34224599,679.63636364,533.90374332,509.19786096,1055.48663102
output96,use0,694.01069519,659.1657754,827.48663102,472.29946524,525.62566845,1065.7540107
output96,use1,507.14438503,681.7540107,591.3368984,556.49197861,494.82352941,1037.00534759
output96,use2,412.68449198,786.48128342,246.35294118,782.37433155,472.23529412,1065.7540107
output96,use3,466.07486631,829.60427807,289.47593583,934.3315508,466.07486631,1063.70053476
output96,use4,457.86096257,811.12299465,344.9197861,897.36898396,470.18181818,1073.96791444
output96,use5,414.73796791,804.96256684,248.40641711,825.4973262,474.28877005,1078.07486631
output96,use6,554.37433155,689.96791444,644.72727273,515.42245989,525.62566845,1051.37967914
output97,use0,669.36898396,644.79144385,817.21925134,501.04812834,529.73262032,1028.79144385
output97,use1,492.77005348,712.55614973,603.65775401,556.49197861,498.93048128,1069.86096257
output97,use2,410.63101604,788.53475936,252.51336898,778.26737968,470.18181818,1051.37967914
output97,use3,425.00534759,848.0855615,293.5828877,926.11764706,437.32620321,1065.7540107
output97,use4,451.70053476,833.71122995,367.50802139,915.85026738,443.48663102,1051.37967914
output97,use5,410.63101604,804.96256684,236.0855615,856.29946524,488.6631016,1037.00534759
output97,use6,554.37433155,708.44919786,654.99465241,570.86631016,511.2513369,1026.73796791
output98,use0,700.17112299,667.37967914,868.55614973,515.42245989,521.51871658,1059.59358289
output98,use1,540.0,700.23529412,650.88770053,622.20320856,525.62566845,1063.70053476
output98,use2,429.11229947,786.48128342,277.15508021,800.85561497,492.77005348,1078.07486631
output98,use3,480.44919786,825.4973262,326.43850267,899.42245989,451.70053476,1082.18181818
output98,use4,470.18181818,841.92513369,307.95721925,926.11764706,461.96791444,1059.59358289
output98,use5,418.84491979,792.64171123,266.88770053,848.0855615,480.44919786,1063.70053476
output98,use6,646.78074866,677.64705882,765.88235294,533.90374332,496.87700535,1026.73796791
output99,use0,757.6684492,677.64705882,924.0,519.52941176,535.89304813,1059.59358289
output99,use1,562.58823529,745.41176471,743.29411765,611.93582888,517.41176471,1055.48663102
output99,use2,455.80748663,800.85561497,344.9197861,825.4973262,503.03743316,1055.48663102
output99,use3,438.0,852.0,362.0,914.0,440.0,1031.0
output99,use4,459.9144385,848.0855615,355.18716578,926.11764706,437.32620321,1096.55614973
output99,use5,422.95187166,819.3368984,234.03208556,870.67379679,492.77005348,1078.07486631
output99,use6,572.85561497,708.44919786,659.10160428,523.63636364,511.2513369,1063.70053476
output100,use0,669.36898396,653.00534759,825.43315508,486.67379679,554.37433155,1008.25668449
output100,use1,560.0,688.0,655.0,605.0,528.0,1023.0
output100,use2,443.48663102,741.30481283,484.55614973,663.27272727,480.44919786,1045.21925134
output100,use3,400.36363636,825.4973262,238.13903743,885.04812834,455.80748663,1051.37967914
output100,use4,447.59358289,841.92513369,344.9197861,915.85026738,422.95187166,1078.07486631
output100,use5,418.84491979,829.60427807,262.78074866,903.52941176,478.39572193,1073.96791444
output100,use6,544.10695187,712.55614973,687.85026738,533.90374332,517.41176471,1047.27272727
output101,use0,655.0,669.0,754.0,577.0,818.0,1026.0
output101,use1,508.0,690.0,607.0,617.0,528.0,1023.0
output101,use2,444.0,747.0,396.0,770.0,559.0,1031.0
output101,use3,414.73796791,866.56684492,252.51336898,971.29411765,451.70053476,1073.96791444
output101,use4,455.80748663,833.71122995,351.0802139,930.22459893,466.07486631,1065.7540107
output101,use5,426.0,810.0,303.0,864.0,471.0,1011.0
output101,use6,525.62566845,708.44919786,646.78074866,556.49197861,496.87700535,1059.59358289
output102,use0,637.0,688.0,783.0,607.0,818.0,1026.0
output102,use1,549.0,679.0,645.0,608.0,528.0,1023.0
output102,use2,447.59358289,768.0,388.04278075,751.57219251,474.28877005,1051.37967914
output102,use3,396.25668449,829.60427807,248.40641711,940.49197861,480.44919786,1045.21925134
output102,use4,461.96791444,829.60427807,351.0802139,922.01069519,480.44919786,1059.59358289
output102,use5,446.0,793.0,312.0,831.0,471.0,1011.0
output102,use6,624.19251337,648.89839572,798.73796791,474.35294118,513.30481283,1047.27272727
output103,use0,652.94117647,671.48663102,811.05882353,509.26203209,527.67914439,1032.89839572
output103,use1,496.87700535,712.55614973,642.67379679,611.93582888,515.35828877,1012.36363636
output103,use2,416.79144385,809.06951872,293.5828877,864.51336898,478.39572193,1063.70053476
output103,use3,431.1657754,874.78074866,334.65240642,948.70588235,431.1657754,1045.21925134
output103,use4,439.37967914,856.29946524,328.49197861,940.49197861,449.64705882,1069.86096257
output103,use5,476.34224599,800.85561497,324.38502674,755.67914439,500.98395722,1051.37967914
output103,use6,685.79679144,634.52406417,786.4171123,457.92513369,537.94652406,1067.80748663
output104,use0,685.79679144,661.21925134,827.48663102,472.29946524,527.67914439,1067.80748663
output104,use1,535.89304813,716.6631016,595.44385027,605.77540107,511.2513369,1063.70053476
output104,use2,422.95187166,823.44385027,266.88770053,874.78074866,466.07486631,1055.48663102
output104,use3,459.9144385,860.40641711,377.77540107,977.45454545,455.80748663,1073.96791444
output104,use4,461.96791444,837.81818182,340.81283422,940.49197861,470.18181818,1047.27272727
output104,use5,511.2513369,782.37433155,414.73796791,755.67914439,498.93048128,1110.93048128
output104,use6,691.95721925,675.59358289,825.43315508,486.67379679,525.62566845,1055.48663102
output105,use0,669.36898396,685.86096257,835.70053476,490.78074866,521.51871658,1065.7540107
output105,use1,535.89304813,737.19786096,626.2459893,611.93582888,492.77005348,1047.27272727
output105,use2,422.95187166,819.3368984,299.74331551,880.94117647,466.07486631,1041.11229947
output105,use3,455.80748663,848.0855615,332.59893048,948.70588235,459.9144385,1047.27272727
output105,use4,437.32620321,819.3368984,303.85026738,940.49197861,459.9144385,1065.7540107
output105,use5,467.0,783.0,382.0,825.0,494.0,1029.0
output105,use6,650.88770053,685.86096257,813.11229947,511.31550802,535.89304813,1047.27272727
output106,use0,728.9197861,620.14973262,882.93048128,490.78074866,548.21390374,1041.11229947
output106,use1,548.21390374,714.60962567,687.85026738,622.20320856,535.89304813,1018.52406417
output106,use2,441.43315508,782.37433155,277.15508021,852.19251337,517.41176471,1059.59358289
output106,use3,459.9144385,833.71122995,377.77540107,926.11764706,484.55614973,1051.37967914
output106,use4,461.96791444,860.40641711,377.77540107,952.81283422,474.28877005,1084.23529412
output106,use5,422.95187166,825.4973262,289.47593583,866.56684492,521.51871658,1041.11229947
output106,use6,632.40641711,694.07486631,780.25668449,505.15508021,511.2513369,1047.27272727
output107,use0,706.3315508,653.00534759,872.6631016,515.42245989,521.51871658,1041.11229947
output107,use1,585.17647059,694.07486631,700.17112299,570.86631016,535.89304813,1051.37967914
output107,use2,443.48663102,770.05347594,373.6684492,774.16042781,488.6631016,1051.37967914
output107,use3,418.84491979,841.92513369,285.36898396,922.01069519,484.55614973,1055.48663102
output107,use4,466.07486631,823.44385027,336.70588235,897.36898396,441.43315508,1082.18181818
output107,use5,428.0,790.0,306.0,855.0,494.0,1029.0
output107,use6,628.29946524,681.7540107,755.61497326,501.04812834,517.41176471,1073.96791444
output108,use0,728.9197861,640.68449198,899.35828877,472.29946524,566.69518717,1032.89839572
output108,use1,622.13903743,696.12834225,811.05882353,607.82887701,525.62566845,1045.21925134
output108,use2,441.43315508,745.41176471,503.03743316,712.55614973,492.77005348,1045.21925134
output108,use3,392.14973262,823.44385027,203.22994652,930.22459893,511.2513369,1063.70053476
output108,use4,429.11229947,848.0855615,295.63636364,954.86631016,466.07486631,1063.70053476
output108,use5,405.0,808.0,299.0,898.0,494.0,1029.0
output108,use6,525.62566845,712.55614973,673.47593583,542.11764706,529.73262032,1032.89839572
output109,use0,700.17112299,607.82887701,848.02139037,496.94117647,517.41176471,1121.19786096
output109,use1,535.89304813,640.68449198,720.70588235,519.52941176,515.35828877,1037.00534759
output109,use2,418.84491979,718.71657754,363.40106952,667.37967914,496.87700535,1047.27272727
output109,use3,414.73796791,807.01604278,275.10160428,899.42245989,470.18181818,1055.48663102
output109,use4,460.83541946,836.96656279,349.5182723,922.59513753,492.94613499,1085.28942954
output109,use5,406.52406417,848.0855615,262.78074866,944.59893048,478.39572193,1065.7540107
output109,use6,572.85561497,675.59358289,710.43850267,509.26203209,529.73262032,1059.59358289
output110,use0,739.18716578,616.04278075,872.6631016,427.12299465,548.21390374,1055.48663102
output110,use1,609.81818182,659.1657754,776.14973262,533.90374332,535.89304813,1055.48663102
output110,use2,437.32620321,755.67914439,373.6684492,704.34224599,484.55614973,1063.70053476
output110,use3,425.00534759,819.3368984,293.5828877,944.59893048,474.28877005,1073.96791444
output110,use4,451.70053476,852.19251337,359.29411765,948.70588235,459.9144385,1065.7540107
output110,use5,398.0,820.0,285.0,899.0,494.0,1029.0
output110,use6,585.17647059,704.34224599,696.06417112,523.63636364,515.35828877,1063.70053476
output111,use0,696.06417112,630.4171123,839.80748663,437.39037433,517.41176471,1059.59358289
output111,use1,609.81818182,659.1657754,780.25668449,548.27807487,533.83957219,1084.23529412
output111,use2,466.07486631,737.19786096,404.47058824,749.51871658,525.62566845,1055.48663102
output111,use3,425.00534759,819.3368984,256.62032086,880.94117647,496.87700535,1051.37967914
output111,use4,447.59358289,833.71122995,349.02673797,911.74331551,474.28877005,1073.96791444
output111,use5,425.00534759,825.4973262,238.13903743,897.36898396,507.14438503,1028.79144385
output111,use6,544.10695187,696.12834225,654.99465241,546.22459893,498.93048128,1055.48663102
output112,use0,718.65240642,607.82887701,876.77005348,492.8342246,540.0,1041.11229947
output112,use1,585.17647059,638.63101604,798.73796791,527.74331551,535.89304813,1018.52406417
output112,use2,461.96791444,731.03743316,388.04278075,714.60962567,492.77005348,1059.59358289
output112,use3,414.73796791,833.71122995,266.88770053,915.85026738,474.28877005,1047.27272727
output112,use4,478.39572193,841.92513369,381.88235294,917.90374332,470.18181818,1065.7540107
output112,use5,422.95187166,823.44385027,248.40641711,907.63636364,511.2513369,1069.86096257
output112,use6,609.81818182,657.11229947,743.29411765,478.45989305,533.83957219,1063.70053476
output113,use0,739.18716578,603.72192513,928.10695187,496.94117647,548.21390374,1065.7540107
output113,use1,599.55080214,663.27272727,780.25668449,574.97326203,525.62566845,1037.00534759
output113,use2,451.70053476,774.16042781,404.47058824,774.16042781,498.93048128,1078.07486631
output113,use3,437.0,824.0,333.0,888.0,463.0,1032.0
output113,use4,447.0,843.0,418.0,889.0,751.0,1087.0
output113,use5,445.0,808.0,321.0,873.0,494.0,1029.0
output113,use6,585.17647059,708.44919786,698.11764706,548.27807487,548.21390374,1063.70053476
output114,use0,724.81283422,620.14973262,880.87700535,478.45989305,566.69518717,1037.00534759
output114,use1,572.85561497,681.7540107,774.09625668,583.18716578,507.14438503,1100.6631016
output114,use2,457.0,709.0,443.0,750.0,559.0,1031.0
output114,use3,409.0,822.0,308.0,888.0,463.0,1032.0
output114,use4,425.00534759,825.4973262,289.47593583,915.85026738,461.96791444,1078.07486631
output114,use5,442.0,782.0,329.0,825.0,494.0,1029.0
output114,use6,609.81818182,689.96791444,794.63101604,511.31550802,503.03743316,1088.34224599
output115,use0,683.74331551,622.20320856,866.5026738,515.42245989,517.41176471,1069.86096257
output115,use1,517.41176471,675.59358289,720.70588235,585.24064171,503.03743316,1069.86096257
output115,use2,404.47058824,786.48128342,262.78074866,837.81818182,447.59358289,1065.7540107
output115,use3,393.0,855.0,350.0,923.0,431.0,1014.0
output115,use4,414.73796791,796.7486631,322.3315508,899.42245989,441.43315508,1065.7540107
output115,use5,437.0,784.0,329.0,827.0,494.0,1029.0
output115,use6,644.72727273,648.89839572,802.84491979,505.15508021,529.73262032,1028.79144385
output116,use0,720.70588235,630.4171123,884.98395722,501.04812834,521.51871658,1055.48663102
output116,use1,585.17647059,696.12834225,728.9197861,671.48663102,525.62566845,1051.37967914
output116,use2,439.37967914,823.44385027,340.81283422,926.11764706,470.18181818,1092.44919786
output116,use3,447.59358289,856.29946524,340.81283422,926.11764706,441.43315508,1063.70053476
output116,use4,433.21925134,823.44385027,318.22459893,885.04812834,455.80748663,1078.07486631
output116,use5,433.0,791.0,334.0,818.0,494.0,1029.0
output116,use6,595.0,634.0,708.0,551.0,757.0,1000.0
output117,use0,683.74331551,611.93582888,858.28877005,474.35294118,521.51871658,1063.70053476
output117,use1,544.10695187,689.96791444,751.50802139,548.27807487,525.62566845,1047.27272727
output117,use2,448.0,723.0,436.0,738.0,559.0,1031.0
output117,use3,406.0,826.0,318.0,913.0,431.0,1014.0
output117,use4,461.96791444,800.85561497,314.11764706,952.81283422,455.80748663,1115.03743316
output117,use5,443.0,800.0,320.0,856.0,494.0,1029.0
output117,use6,628.29946524,700.23529412,757.6684492,478.45989305,529.73262032,1088.34224599
output118,use0,687.85026738,620.14973262,850.07486631,437.39037433,548.21390374,1047.27272727
output118,use1,503.03743316,689.96791444,714.54545455,546.22459893,529.73262032,1018.52406417
output118,use2,410.63101604,731.03743316,318.22459893,751.57219251,470.18181818,1102.71657754
output118,use3,393.0,813.0,292.0,879.0,431.0,1014.0
output118,use4,402.0,813.0,353.0,888.0,751.0,1087.0
output118,use5,419.0,787.0,302.0,852.0,494.0,1029.0
output118,use6,554.37433155,675.59358289,677.5828877,515.42245989,535.89304813,1078.07486631
output119,use0,654.99465241,611.93582888,817.21925134,441.4973262,529.73262032,1028.79144385
output119,use1,562.58823529,677.64705882,761.77540107,529.79679144,525.62566845,1032.89839572
output119,use2,459.0,708.0,446.0,723.0,559.0,1031.0
output119,use3,398.0,706.0,424.0,846.0,446.0,1025.0
output119,use4,519.0,661.0,591.0,780.0,750.0,1080.0
output119,use5,415.0,805.0,302.0,888.0,494.0,1029.0
output119,use6,484.55614973,737.19786096,544.10695187,585.24064171,496.87700535,1065.7540107
output120,use0,743.29411765,663.27272727,880.87700535,542.11764706,496.87700535,1078.07486631
output120,use1,552.32085561,702.28877005,737.13368984,572.9197861,500.98395722,1065.7540107
output120,use2,447.59358289,780.32085561,377.77540107,774.16042781,503.03743316,1049.32620321
output120,use3,389.0,871.0,290.0,935.0,446.0,1025.0
output120,use4,400.0,848.0,342.0,891.0,750.0,1080.0
output120,use5,461.96791444,807.01604278,336.70588235,835.76470588,498.93048128,1049.32620321
output120,use6,669.36898396,661.21925134,852.12834225,525.68983957,533.83957219,1010.31016043
output121,use1,704.51808446,673.59062436,900.92139826,532.95615275,539.63629015,1013.05314204
output121,use1,562.58823529,669.43315508,755.61497326,585.24064171,507.14438503,1030.84491979
output121,use2,404.47058824,761.83957219,371.61497326,716.6631016,488.6631016,1080.12834225
output121,use3,389.0,854.0,305.0,905.0,446.0,1025.0
output121,use4,445.54010695,846.03208556,340.81283422,924.06417112,445.54010695,1071.9144385
output121,use5,466.0,793.0,352.0,847.0,491.0,1028.0
output121,use6,685.79679144,636.57754011,852.12834225,494.88770053,507.14438503,1049.32620321
output122,use0,706.3315508,642.73796791,932.21390374,517.47593583,540.0,1053.43315508
output122,use1,552.32085561,677.64705882,769.98930481,568.81283422,500.98395722,1076.02139037
output122,use2,425.00534759,747.46524064,369.56149733,747.46524064,515.35828877,1047.27272727
output122,use3,385.0,838.0,291.0,895.0,446.0,1025.0
output122,use4,422.95187166,843.97860963,318.22459893,917.90374332,455.80748663,1071.9144385
output122,use5,441.43315508,821.39037433,307.95721925,813.17647059,521.51871658,1053.43315508
output122,use6,700.17112299,673.54010695,848.02139037,498.99465241,540.0,1061.64705882
output123,use0,743.29411765,683.80748663,909.62566845,562.65240642,525.62566845,1043.1657754
output123,use1,644.72727273,692.02139037,821.32620321,603.72192513,540.0,1030.84491979
output123,use2,433.21925134,751.57219251,533.83957219,665.32620321,488.6631016,1034.95187166
output123,use3,422.95187166,809.06951872,182.69518717,846.03208556,461.96791444,1049.32620321
output123,use4,407.0,855.0,334.0,922.0,750.0,1080.0
output123,use5,445.0,801.0,311.0,858.0,491.0,1028.0
output123,use6,581.06951872,677.64705882,774.09625668,554.43850267,529.73262032,1012.36363636
output124,use0,743.29411765,659.1657754,891.14438503,498.99465241,552.32085561,1049.32620321
output124,use1,607.76470588,679.70053476,798.73796791,572.9197861,552.32085561,1016.47058824
output124,use2,422.95187166,751.57219251,459.9144385,687.9144385,466.07486631,1034.95187166
output124,use3,415.0,811.0,301.0,866.0,446.0,1025.0
output124,use4,405.0,844.0,321.0,885.0,750.0,1080.0
output124,use5,435.0,824.0,342.0,874.0,491.0,1028.0
output124,use6,603.65775401,743.35828877,743.29411765,577.02673797,540.0,1030.84491979
output125,use0,751.50802139,677.64705882,872.6631016,513.36898396,535.89304813,1047.27272727
output125,use1,632.40641711,679.70053476,821.32620321,558.54545455,521.51871658,1028.79144385
output125,use2,447.59358289,772.10695187,466.07486631,692.02139037,498.93048128,1076.02139037
output125,use3,395.0,836.0,321.0,909.0,446.0,1025.0
output125,use4,407.0,862.0,323.0,942.0,750.0,1080.0
output125,use5,436.0,803.0,326.0,869.0,491.0,1028.0
output125,use6,607.76470588,743.35828877,706.3315508,577.02673797,511.2513369,1071.9144385
output126,use0,720.70588235,669.43315508,901.41176471,511.31550802,525.62566845,1071.9144385
output126,use1,613.92513369,714.60962567,774.09625668,581.13368984,496.87700535,1071.9144385
output126,use2,418.84491979,757.73262032,511.2513369,706.39572193,480.44919786,1053.43315508
output126,use3,401.0,840.0,299.0,912.0,446.0,1025.0
output126,use4,404.0,845.0,321.0,942.0,750.0,1080.0
output126,use5,456.0,796.0,382.0,851.0,491.0,1028.0
output126,use6,626.2459893,683.80748663,790.52406417,494.88770053,521.51871658,1047.27272727
output127,use0,714.54545455,655.05882353,854.18181818,513.36898396,529.73262032,1024.68449198
output127,use1,587.0,690.0,715.0,631.0,528.0,1023.0
output127,use2,451.70053476,753.62566845,525.62566845,683.80748663,503.03743316,1112.98395722
output127,use3,417.0,790.0,318.0,856.0,446.0,1025.0
output127,use4,396.0,836.0,318.0,918.0,750.0,1080.0
output127,use5,427.0,835.0,332.0,885.0,491.0,1028.0
output127,use6,585.17647059,743.35828877,710.43850267,585.24064171,533.83957219,1053.43315508
output128,use0,755.61497326,679.70053476,903.46524064,480.51336898,548.21390374,1030.84491979
output128,use1,691.95721925,714.60962567,884.98395722,572.9197861,535.89304813,1080.12834225
output128,use2,470.18181818,765.94652406,566.69518717,669.43315508,517.41176471,1020.57754011
output128,use3,414.73796791,827.55080214,229.92513369,872.72727273,461.96791444,1047.27272727
output128,use4,433.21925134,864.51336898,256.62032086,942.54545455,461.96791444,1084.23529412
output128,use5,465.0,761.0,454.0,806.0,491.0,1028.0
output128,use6,687.85026738,669.43315508,854.18181818,511.31550802,544.10695187,1057.54010695
output129,use0,728.9197861,706.39572193,899.35828877,566.75935829,521.51871658,1061.64705882
output129,use1,558.48128342,714.60962567,739.18716578,622.20320856,521.51871658,1043.1657754
output129,use2,466.07486631,790.58823529,363.40106952,753.62566845,461.96791444,1061.64705882
output129,use3,406.52406417,839.87165775,277.15508021,965.13368984,466.07486631,1080.12834225
output129,use4,422.95187166,862.45989305,266.88770053,950.75935829,466.07486631,1049.32620321
output129,use5,474.28877005,809.06951872,359.29411765,776.21390374,515.35828877,1049.32620321
output129,use6,665.26203209,655.05882353,848.02139037,511.31550802,535.89304813,1039.05882353
output130,use0,700.17112299,679.70053476,909.62566845,529.79679144,535.89304813,1043.1657754
output130,use1,607.76470588,739.2513369,794.63101604,609.88235294,525.62566845,1047.27272727
output130,use2,446.0,758.0,436.0,794.0,485.0,1035.0
output130,use3,418.84491979,858.35294118,314.11764706,969.24064171,455.80748663,1053.43315508
output130,use4,441.43315508,839.87165775,351.0802139,928.17112299,433.21925134,1053.43315508
output130,use5,444.0,789.0,343.0,814.0,491.0,1028.0
output130,use6,687.85026738,640.68449198,850.07486631,455.87165775,515.35828877,1065.7540107
output131,use0,765.88235294,646.84491979,882.93048128,484.62032086,540.0,1061.64705882
output131,use1,628.29946524,677.64705882,802.84491979,566.75935829,533.83957219,1024.68449198
output131,use2,443.48663102,780.32085561,474.28877005,706.39572193,507.14438503,1047.27272727
output131,use3,425.00534759,850.13903743,295.63636364,946.65240642,484.55614973,1053.43315508
output131,use4,455.80748663,850.13903743,359.29411765,928.17112299,443.48663102,1057.54010695
output131,use5,409.0,809.0,299.0,882.0,491.0,1028.0
output131,use6,599.55080214,661.21925134,774.09625668,476.40641711,488.6631016,1065.7540107
output132,use0,747.40106952,650.95187166,884.98395722,474.35294118,554.37433155,1024.68449198
output132,use1,609.81818182,673.54010695,811.05882353,554.43850267,529.73262032,1049.32620321
output132,use2,447.59358289,770.05347594,443.48663102,665.32620321,492.77005348,1061.64705882
output132,use3,413.0,816.0,310.0,874.0,446.0,1025.0
output132,use4,433.21925134,872.72727273,367.50802139,946.65240642,466.07486631,1080.12834225
output132,use5,438.0,805.0,330.0,879.0,491.0,1028.0
output132,use6,654.99465241,642.73796791,825.43315508,462.03208556,515.35828877,1076.02139037
output133,use0,755.61497326,640.68449198,884.98395722,488.72727273,507.14438503,1076.02139037
output133,use1,669.36898396,687.9144385,854.18181818,562.65240642,529.73262032,1012.36363636
output133,use2,461.96791444,780.32085561,470.18181818,735.14438503,503.03743316,1065.7540107
output133,use3,434.0,825.0,330.0,935.0,446.0,1025.0
output133,use4,443.48663102,854.2459893,344.9197861,942.54545455,470.18181818,1053.43315508
output133,use5,433.21925134,790.58823529,322.3315508,788.53475936,507.14438503,1047.27272727
output133,use6,728.9197861,636.57754011,866.5026738,451.76470588,544.10695187,1043.1657754
output134,use0,753.56149733,655.05882353,901.41176471,492.8342246,552.32085561,1002.09625668
output134,use1,607.76470588,687.9144385,798.73796791,572.9197861,525.62566845,1024.68449198
output134,use2,448.0,749.0,437.0,787.0,485.0,1035.0
output134,use3,434.0,835.0,366.0,897.0,446.0,1025.0
output134,use4,466.07486631,809.06951872,344.9197861,905.5828877,474.28877005,1012.36363636
output134,use5,488.6631016,807.01604278,351.0802139,802.90909091,498.93048128,1071.9144385
output134,use6,737.13368984,659.1657754,903.46524064,494.88770053,525.62566845,1049.32620321
output135,use0,806.95187166,659.1657754,942.48128342,494.88770053,552.32085561,1006.20320856
output135,use1,677.5828877,706.39572193,887.03743316,562.65240642,525.62566845,1028.79144385
output135,use2,422.95187166,780.32085561,437.32620321,790.58823529,492.77005348,1061.64705882
output135,use3,418.84491979,827.55080214,293.5828877,950.75935829,451.70053476,1080.12834225
output135,use4,443.48663102,835.76470588,332.59893048,928.17112299,447.59358289,1065.7540107
output135,use5,455.80748663,780.32085561,293.5828877,772.10695187,496.87700535,1039.05882353
output135,use6,646.78074866,628.36363636,811.05882353,476.40641711,515.35828877,1043.1657754
output136,use0,737.13368984,605.77540107,887.03743316,457.92513369,507.14438503,1039.05882353
output136,use1,626.2459893,655.05882353,792.57754011,535.95721925,540.0,1047.27272727
output136,use2,459.9144385,751.57219251,381.88235294,724.87700535,503.03743316,1043.1657754
output136,use3,428.0,835.0,313.0,887.0,446.0,1025.0
output136,use4,455.80748663,831.65775401,318.22459893,891.20855615,474.28877005,1065.7540107
output136,use5,451.70053476,772.10695187,318.22459893,733.09090909,511.2513369,1043.1657754
output136,use6,654.99465241,650.95187166,850.07486631,474.35294118,535.89304813,1047.27272727
output137,use0,730.0,635.0,830.0,535.0,796.0,1014.0
output137,use1,619.0,661.0,713.0,586.0,795.0,1003.0
output137,use2,447.0,724.0,446.0,717.0,485.0,1035.0
output137,use3,420.0,834.0,310.0,907.0,446.0,1025.0
output137,use4,459.9144385,825.4973262,289.47593583,919.95721925,459.9144385,1061.64705882
output137,use5,455.80748663,807.01604278,314.11764706,776.21390374,517.41176471,1108.87700535
output137,use6,654.99465241,683.80748663,811.05882353,498.99465241,535.89304813,1057.54010695
output138,use0,733.02673797,642.73796791,909.62566845,480.51336898,540.0,1049.32620321
output138,use1,560.0,684.0,671.0,593.0,795.0,1003.0
output138,use2,496.87700535,780.32085561,355.18716578,802.90909091,470.18181818,1043.1657754
output138,use3,422.0,852.0,350.0,938.0,446.0,1025.0
output138,use4,441.43315508,817.28342246,318.22459893,942.54545455,447.59358289,1076.02139037
output138,use5,484.55614973,784.42780749,414.73796791,724.87700535,498.93048128,1053.43315508
output138,use6,677.5828877,640.68449198,839.80748663,455.87165775,562.58823529,1016.47058824
output139,use0,699.0,663.0,776.0,550.0,797.0,1021.0
output139,use1,529.0,677.0,612.0,631.0,795.0,1003.0
output139,use2,446.0,785.0,378.0,813.0,485.0,1035.0
output139,use3,429.11229947,858.35294118,299.74331551,1002.09625668,447.59358289,1076.02139037
output139,use4,455.80748663,854.2459893,314.11764706,942.54545455,443.48663102,1067.80748663
output139,use5,443.0,776.0,331.0,797.0,491.0,1028.0
output139,use6,613.92513369,669.43315508,780.25668449,540.06417112,511.2513369,1028.79144385
output140,use0,724.81283422,677.64705882,866.5026738,548.27807487,540.0,1057.54010695
output140,use1,581.06951872,706.39572193,706.3315508,609.88235294,529.73262032,1039.05882353
output140,use2,419.0,729.0,381.0,738.0,485.0,1035.0
output140,use3,406.0,803.0,299.0,888.0,446.0,1025.0
output140,use4,433.21925134,827.55080214,369.56149733,924.06417112,466.07486631,1084.23529412
output140,use5,379.0,798.0,284.0,864.0,491.0,1028.0
output140,use6,525.62566845,698.18181818,628.29946524,535.95721925,515.35828877,1049.32620321
output141,use0,709.0,654.0,783.0,542.0,797.0,1021.0
output141,use1,570.80213904,677.64705882,769.98930481,568.81283422,540.0,1024.68449198
output141,use2,447.0,713.0,402.0,724.0,485.0,1035.0
output141,use3,422.95187166,809.06951872,277.15508021,905.5828877,447.59358289,1080.12834225
output141,use4,443.48663102,835.76470588,383.93582888,913.79679144,461.96791444,1071.9144385
output141,use5,404.0,793.0,289.0,857.0,491.0,1028.0
output141,use6,591.3368984,659.1657754,776.14973262,455.87165775,511.2513369,1067.80748663
output142,use0,687.85026738,640.68449198,858.28877005,476.40641711,535.89304813,1061.64705882
output142,use1,554.37433155,698.18181818,751.50802139,581.13368984,548.21390374,1030.84491979
output142,use2,396.25668449,761.83957219,381.88235294,784.42780749,480.44919786,1065.7540107
output142,use3,406.52406417,825.4973262,270.99465241,975.40106952,433.21925134,1071.9144385
output142,use4,451.70053476,831.65775401,396.25668449,913.79679144,439.37967914,1090.39572193
output142,use5,410.63101604,790.58823529,240.19251337,891.20855615,498.93048128,1061.64705882
output142,use6,581.06951872,665.32620321,739.18716578,492.8342246,544.10695187,1043.1657754
output143,use0,659.10160428,642.73796791,854.18181818,531.85026738,570.80213904,1043.1657754
output143,use1,589.28342246,665.32620321,769.98930481,566.75935829,548.21390374,1010.31016043
output143,use2,443.48663102,765.94652406,470.18181818,659.1657754,507.14438503,1086.28877005
output143,use3,440.0,821.0,330.0,884.0,446.0,1025.0
output143,use4,457.86096257,825.4973262,365.45454545,917.90374332,447.59358289,1043.1657754
output143,use5,411.0,784.0,291.0,836.0,491.0,1028.0
output143,use6,576.96256684,659.1657754,733.02673797,476.40641711,544.10695187,1024.68449198
output144,use0,710.43850267,628.36363636,864.44919786,476.40641711,552.32085561,1049.32620321
output144,use1,628.29946524,673.54010695,817.21925134,562.65240642,517.41176471,1057.54010695
output144,use2,461.96791444,765.94652406,418.84491979,724.87700535,480.44919786,1065.7540107
output144,use3,424.0,810.0,312.0,886.0,446.0,1025.0
output144,use4,441.43315508,831.65775401,340.81283422,913.79679144,441.43315508,1065.7540107
output144,use5,418.0,774.0,314.0,816.0,491.0,1028.0
output144,use6,622.13903743,677.64705882,774.09625668,462.03208556,533.83957219,1057.54010695
output145,use0,691.95721925,655.05882353,868.55614973,494.88770053,515.35828877,1057.54010695
output145,use1,572.85561497,679.70053476,724.81283422,554.43850267,533.83957219,1076.02139037
output145,use2,459.9144385,770.05347594,433.21925134,710.5026738,503.03743316,1039.05882353
output145,use3,470.18181818,846.03208556,307.95721925,942.54545455,437.32620321,1049.32620321
output145,use4,466.07486631,817.28342246,400.36363636,913.79679144,447.59358289,1047.27272727
output145,use5,396.25668449,809.06951872,262.78074866,882.99465241,484.55614973,1061.64705882
output145,use6,533.83957219,661.21925134,673.47593583,498.99465241,507.14438503,1024.68449198
output146,use0,700.17112299,622.20320856,862.39572193,470.2459893,507.14438503,1043.1657754
output146,use1,663.20855615,692.02139037,858.28877005,566.75935829,535.89304813,1024.68449198
output146,use2,429.11229947,733.09090909,474.28877005,751.57219251,498.93048128,1061.64705882
output146,use3,447.0,802.0,369.0,890.0,446.0,1025.0
output146,use4,447.59358289,843.97860963,400.36363636,909.68983957,451.70053476,1084.23529412
output146,use5,417.0,785.0,290.0,846.0,491.0,1028.0
output146,use6,562.58823529,665.32620321,765.88235294,488.72727273,529.73262032,1065.7540107
output147,use0,710.43850267,655.05882353,876.77005348,480.51336898,558.48128342,1034.95187166
output147,use1,552.32085561,692.02139037,761.77540107,568.81283422,552.32085561,1039.05882353
output147,use2,429.11229947,784.42780749,433.21925134,710.5026738,517.41176471,1030.84491979
output147,use3,422.95187166,831.65775401,295.63636364,917.90374332,474.28877005,1061.64705882
output147,use4,474.28877005,827.55080214,388.04278075,913.79679144,455.80748663,1034.95187166
output147,use5,435.0,799.0,306.0,867.0,491.0,1028.0
output147,use6,558.48128342,677.64705882,646.78074866,513.36898396,529.73262032,1049.32620321
output148,use0,753.56149733,646.84491979,891.14438503,494.88770053,521.51871658,1071.9144385
output148,use1,669.36898396,724.87700535,829.54010695,595.50802139,529.73262032,1020.57754011
output148,use2,429.11229947,788.53475936,474.28877005,772.10695187,478.39572193,1053.43315508
output148,use3,406.52406417,839.87165775,270.99465241,954.86631016,459.9144385,1057.54010695
output148,use4,429.11229947,854.2459893,336.70588235,942.54545455,451.70053476,1067.80748663
output148,use5,400.0,780.0,401.0,781.0,503.0,1032.0
output148,use6,603.65775401,650.95187166,769.98930481,455.87165775,511.2513369,1071.9144385
