Sequence,TimeStep,Feature_0_0,Feature_0_1,Feature_1_0,Feature_1_1,Feature_2_0,Feature_2_1
0,0,-70.0,166.0,-66.0,194.0,272.0,381.0
0,1,-114.0,157.0,-182.0,185.0,-75.0,407.0
0,2,-130.0,154.0,-242.0,175.0,-82.0,406.0
0,3,-67.0,176.0,-106.0,251.0,-27.0,326.0
0,4,-33.0,100.0,82.0,17.0,131.0,420.0
0,5,5.0,101.0,82.0,-12.0,103.0,459.0
0,6,-136.0,104.0,-53.0,58.0,130.0,430.0
1,0,-20.0,155.0,-49.0,210.0,-18.0,343.0
1,1,-134.0,144.0,-204.0,140.0,-102.0,445.0
1,2,-93.0,176.0,-227.0,238.0,-72.0,399.0
1,3,-43.0,164.0,-114.0,236.0,-52.0,354.0
1,4,-149.0,147.0,-134.0,94.0,178.0,462.0
1,5,-83.0,46.0,30.0,-36.0,156.0,502.0
1,6,-157.0,99.0,-37.0,8.0,-151.0,467.0
2,0,-117.0,137.0,-148.0,179.0,-56.0,306.0
2,1,-135.0,130.0,-221.0,158.0,-22.0,416.0
2,2,-154.0,139.0,-292.0,221.0,-40.0,403.0
2,3,-103.0,132.0,-198.0,183.0,-13.0,331.0
2,4,-139.0,92.0,-57.0,103.0,226.0,441.0
2,5,9.0,103.0,85.0,-17.0,224.0,477.0
2,6,-139.0,110.0,-53.0,53.0,233.0,483.0
3,0,-44.0,157.0,-91.0,211.0,-9.0,309.0
3,1,-162.0,138.0,-178.0,121.0,-78.0,461.0
3,2,-129.0,186.0,-260.0,235.0,-58.0,410.0
3,3,-65.0,167.0,-186.0,233.0,-3.0,344.0
3,4,-126.0,57.0,4.0,-42.0,-144.0,446.0
3,5,55.0,37.0,148.0,-71.0,123.0,501.0
3,6,-121.0,77.0,-14.0,10.0,-170.0,492.0
4,0,-49.0,173.0,-15.0,178.0,-4.0,327.0
4,1,-148.0,132.0,-155.0,170.0,-95.0,423.0
4,2,-99.0,165.0,-231.0,263.0,-51.0,387.0
4,3,-66.0,163.0,-144.0,235.0,-42.0,332.0
4,4,-158.0,135.0,-140.0,34.0,194.0,443.0
4,5,0.0,77.0,81.0,-18.0,136.0,507.0
4,6,-157.0,106.0,-51.0,49.0,141.0,483.0
5,0,-34.0,152.0,-85.0,210.0,7.0,306.0
5,1,-112.0,163.0,-197.0,197.0,-77.0,416.0
5,2,-110.0,179.0,-222.0,238.0,-42.0,411.0
5,3,-58.0,161.0,-137.0,219.0,-34.0,313.0
5,4,-134.0,95.0,-78.0,16.0,159.0,456.0
5,5,-34.0,81.0,38.0,-9.0,-166.0,474.0
5,6,-146.0,125.0,-48.0,52.0,-152.0,467.0
6,0,52.0,-36.0,124.0,83.0,283.0,383.0
6,1,-138.0,135.0,-151.0,150.0,-38.0,458.0
6,2,-104.0,177.0,-217.0,260.0,-25.0,401.0
6,3,-81.0,37.0,-55.0,177.0,-33.0,356.0
6,4,-138.0,142.0,-139.0,241.0,134.0,425.0
6,5,31.0,68.0,104.0,-62.0,-121.0,497.0
6,6,-106.0,128.0,5.0,41.0,-118.0,468.0
7,0,-78.0,40.0,-55.0,158.0,-13.0,305.0
7,1,-153.0,135.0,-253.0,178.0,-118.0,433.0
7,2,-135.0,172.0,-262.0,238.0,-91.0,421.0
7,3,-74.0,153.0,-126.0,209.0,-30.0,333.0
7,4,57.0,61.0,137.0,-67.0,139.0,462.0
7,5,35.0,74.0,137.0,-66.0,120.0,492.0
7,6,-167.0,80.0,-51.0,-3.0,114.0,489.0
8,0,-36.0,149.0,-94.0,210.0,54.0,322.0
8,1,-115.0,128.0,-134.0,158.0,-32.0,427.0
8,2,-120.0,154.0,-225.0,219.0,20.0,396.0
8,3,-70.0,170.0,-180.0,223.0,15.0,342.0
8,4,-131.0,135.0,-81.0,205.0,272.0,455.0
8,5,26.0,83.0,110.0,-29.0,243.0,491.0
8,6,-94.0,121.0,5.0,48.0,229.0,483.0
9,0,-45.0,169.0,-35.0,221.0,-18.0,289.0
9,1,-157.0,144.0,-235.0,182.0,-98.0,448.0
9,2,-130.0,162.0,-269.0,260.0,-39.0,357.0
9,3,-68.0,163.0,-140.0,216.0,-20.0,344.0
9,4,-150.0,125.0,-94.0,33.0,-118.0,413.0
9,5,46.0,97.0,108.0,-51.0,-172.0,473.0
9,6,-181.0,117.0,-60.0,9.0,-165.0,484.0
10,0,-61.0,138.0,-131.0,188.0,276.0,377.0
10,1,-165.0,104.0,-206.0,118.0,-33.0,434.0
10,2,-119.0,163.0,-222.0,191.0,-83.0,404.0
10,3,-89.0,161.0,-183.0,218.0,-28.0,348.0
10,4,18.0,84.0,68.0,14.0,78.0,412.0
10,5,17.0,81.0,130.0,-12.0,77.0,440.0
10,6,-153.0,87.0,-30.0,30.0,-166.0,438.0
11,0,-16.0,154.0,39.0,161.0,19.0,292.0
11,1,-104.0,165.0,-179.0,200.0,-67.0,416.0
11,2,-92.0,190.0,-235.0,284.0,-3.0,384.0
11,3,-45.0,164.0,-124.0,228.0,-16.0,341.0
11,4,-106.0,121.0,-42.0,173.0,214.0,420.0
11,5,-5.0,89.0,87.0,-17.0,118.0,467.0
11,6,-162.0,140.0,-77.0,92.0,162.0,494.0
12,0,-63.0,137.0,-113.0,189.0,35.0,346.0
12,1,-116.0,133.0,-173.0,172.0,-11.0,425.0
12,2,-163.0,154.0,-288.0,219.0,-10.0,409.0
12,3,-75.0,151.0,-178.0,212.0,11.0,341.0
12,4,-107.0,110.0,-27.0,211.0,237.0,445.0
12,5,-42.0,81.0,18.0,-15.0,224.0,486.0
12,6,-154.0,127.0,-60.0,69.0,233.0,492.0
13,0,-22.0,159.0,-47.0,202.0,49.0,313.0
13,1,-174.0,111.0,-159.0,106.0,-72.0,442.0
13,2,-95.0,146.0,-191.0,240.0,20.0,378.0
13,3,-89.0,162.0,-215.0,233.0,-10.0,349.0
13,4,-170.0,117.0,-117.0,45.0,241.0,455.0
13,5,-125.0,112.0,97.0,-22.0,226.0,485.0
13,6,-88.0,101.0,29.0,30.0,210.0,503.0
14,0,-38.0,147.0,-57.0,211.0,286.0,398.0
14,1,-123.0,139.0,-76.0,183.0,-100.0,439.0
14,2,-149.0,162.0,-148.0,163.0,-46.0,414.0
14,3,-61.0,179.0,-166.0,286.0,-20.0,358.0
14,4,-48.0,69.0,17.0,-52.0,131.0,435.0
14,5,44.0,79.0,154.0,-44.0,116.0,449.0
14,6,13.0,106.0,109.0,14.0,-151.0,455.0
15,0,-4.0,147.0,-54.0,232.0,305.0,359.0
15,1,-193.0,113.0,-295.0,168.0,-44.0,427.0
15,2,-121.0,174.0,-241.0,284.0,-52.0,365.0
15,3,-81.0,141.0,-169.0,215.0,-25.0,339.0
15,4,-118.0,101.0,81.0,3.0,240.0,442.0
15,5,40.0,66.0,146.0,-29.0,-177.0,463.0
15,6,-165.0,82.0,-69.0,49.0,-173.0,450.0
16,0,-51.0,158.0,-128.0,222.0,-18.0,310.0
16,1,-130.0,145.0,-196.0,167.0,-79.0,455.0
16,2,-133.0,173.0,-282.0,227.0,-58.0,410.0
16,3,-65.0,172.0,-158.0,230.0,-20.0,353.0
16,4,-142.0,121.0,89.0,-1.0,-129.0,436.0
16,5,38.0,53.0,127.0,-66.0,125.0,511.0
16,6,-164.0,101.0,-41.0,19.0,-149.0,495.0
17,0,-86.0,194.0,-41.0,165.0,-25.0,332.0
17,1,-121.0,158.0,-121.0,196.0,-104.0,430.0
17,2,-147.0,158.0,-285.0,233.0,-52.0,390.0
17,3,-70.0,157.0,-153.0,238.0,-72.0,354.0
17,4,-149.0,128.0,-143.0,3.0,203.0,452.0
17,5,58.0,42.0,152.0,-48.0,157.0,531.0
17,6,-68.0,126.0,54.0,50.0,173.0,508.0
18,0,-17.0,142.0,38.0,-23.0,8.0,298.0
18,1,-145.0,122.0,-226.0,152.0,-11.0,432.0
18,2,-82.0,170.0,-190.0,261.0,48.0,395.0
18,3,-40.0,147.0,-163.0,196.0,31.0,326.0
18,4,-143.0,126.0,-127.0,69.0,278.0,450.0
18,5,10.0,62.0,60.0,17.0,105.0,426.0
18,6,-152.0,105.0,-60.0,28.0,-144.0,450.0
19,0,-44.0,151.0,-140.0,213.0,282.0,402.0
19,1,-120.0,137.0,-121.0,130.0,-82.0,448.0
19,2,-122.0,167.0,-212.0,186.0,-79.0,426.0
19,3,-48.0,165.0,-158.0,238.0,-22.0,356.0
19,4,-19.0,80.0,71.0,-32.0,132.0,433.0
19,5,33.0,93.0,133.0,-7.0,99.0,472.0
19,6,-57.0,92.0,37.0,17.0,119.0,434.0
20,0,-51.0,162.0,-135.0,242.0,292.0,380.0
20,1,-149.0,137.0,-122.0,153.0,-46.0,452.0
20,2,-101.0,175.0,-211.0,241.0,-46.0,400.0
20,3,-85.0,175.0,-159.0,248.0,-34.0,364.0
20,4,-52.0,131.0,31.0,98.0,104.0,411.0
20,5,31.0,111.0,97.0,22.0,111.0,432.0
20,6,-78.0,126.0,34.0,45.0,-167.0,461.0
21,0,-48.0,158.0,-51.0,192.0,-1.0,296.0
21,1,-117.0,159.0,-220.0,204.0,-72.0,414.0
21,2,-123.0,175.0,-245.0,252.0,-51.0,406.0
21,3,-55.0,159.0,-140.0,231.0,-21.0,333.0
21,4,-116.0,116.0,-68.0,178.0,-123.0,437.0
21,5,-16.0,78.0,65.0,-17.0,143.0,461.0
21,6,-155.0,106.0,-53.0,35.0,166.0,483.0
22,0,-62.0,155.0,-97.0,202.0,-24.0,306.0
22,1,-203.0,116.0,-288.0,139.0,-127.0,428.0
22,2,-144.0,165.0,-279.0,240.0,-70.0,401.0
22,3,-88.0,145.0,-200.0,223.0,-40.0,345.0
22,4,-164.0,103.0,-166.0,211.0,146.0,440.0
22,5,168.0,-25.0,117.0,19.0,151.0,522.0
22,6,-165.0,77.0,-45.0,-9.0,117.0,489.0
23,0,-48.0,162.0,-80.0,194.0,-27.0,304.0
23,1,-120.0,155.0,-183.0,180.0,-74.0,454.0
23,2,-145.0,167.0,-269.0,238.0,-81.0,412.0
23,3,-56.0,169.0,-107.0,197.0,-5.0,346.0
23,4,-136.0,88.0,76.0,-6.0,-151.0,424.0
23,5,98.0,128.0,-5.0,-14.0,136.0,440.0
23,6,-141.0,99.0,-31.0,25.0,-124.0,496.0
24,0,-15.0,149.0,3.0,176.0,307.0,379.0
24,1,-133.0,139.0,-246.0,181.0,1.0,419.0
24,2,-138.0,163.0,-241.0,256.0,-39.0,369.0
24,3,-49.0,154.0,-73.0,182.0,31.0,312.0
24,4,-162.0,101.0,-90.0,26.0,248.0,450.0
24,5,25.0,66.0,114.0,-53.0,105.0,423.0
24,6,-155.0,99.0,-62.0,54.0,-139.0,452.0
25,0,-39.0,153.0,-72.0,223.0,284.0,377.0
25,1,-121.0,165.0,-246.0,231.0,-8.0,425.0
25,2,-113.0,165.0,-239.0,240.0,-63.0,403.0
25,3,-30.0,151.0,-74.0,197.0,-40.0,337.0
25,4,-26.0,110.0,71.0,-6.0,100.0,417.0
25,5,23.0,86.0,91.0,-10.0,-174.0,479.0
25,6,-159.0,113.0,-64.0,75.0,-152.0,441.0
26,0,-44.0,168.0,-12.0,188.0,5.0,305.0
26,1,-145.0,150.0,-231.0,188.0,-89.0,429.0
26,2,-104.0,178.0,-237.0,261.0,-27.0,400.0
26,3,-46.0,158.0,-119.0,229.0,-37.0,313.0
26,4,-141.0,128.0,-77.0,18.0,183.0,467.0
26,5,-64.0,62.0,38.0,-29.0,146.0,503.0
26,6,-176.0,118.0,-67.0,34.0,-150.0,478.0
27,0,-68.0,171.0,-147.0,231.0,283.0,426.0
27,1,-109.0,167.0,-184.0,275.0,-8.0,406.0
27,2,-100.0,181.0,-199.0,208.0,-39.0,419.0
27,3,-60.0,179.0,-102.0,233.0,-46.0,345.0
27,4,-24.0,83.0,89.0,0.0,138.0,449.0
27,5,52.0,80.0,143.0,5.0,-122.0,479.0
27,6,-93.0,138.0,45.0,118.0,-116.0,453.0
28,0,-39.0,166.0,-36.0,177.0,-15.0,320.0
28,1,-127.0,142.0,-178.0,180.0,-99.0,420.0
28,2,-85.0,168.0,-200.0,260.0,-34.0,364.0
28,3,-59.0,156.0,-171.0,216.0,-55.0,323.0
28,4,-146.0,134.0,-108.0,113.0,204.0,439.0
28,5,-4.0,101.0,94.0,-7.0,133.0,514.0
28,6,-139.0,123.0,-32.0,56.0,-154.0,459.0
29,0,-47.0,152.0,-86.0,193.0,283.0,388.0
29,1,-126.0,128.0,-168.0,161.0,-7.0,428.0
29,2,-124.0,168.0,-246.0,233.0,-58.0,407.0
29,3,-60.0,150.0,-157.0,222.0,-36.0,344.0
29,4,-126.0,118.0,91.0,18.0,91.0,424.0
29,5,11.0,100.0,95.0,6.0,105.0,449.0
29,6,-171.0,110.0,-59.0,60.0,-134.0,438.0
30,0,-28.0,177.0,-6.0,166.0,0.0,294.0
30,1,-129.0,164.0,-228.0,220.0,-88.0,425.0
30,2,-102.0,184.0,-229.0,233.0,-40.0,417.0
30,3,-44.0,158.0,-74.0,230.0,-26.0,304.0
30,4,-117.0,132.0,91.0,3.0,165.0,473.0
30,5,25.0,75.0,112.0,-50.0,126.0,514.0
30,6,-127.0,114.0,-7.0,50.0,-184.0,483.0
31,0,-48.0,156.0,-64.0,218.0,-12.0,285.0
31,1,-157.0,144.0,-212.0,182.0,-122.0,431.0
31,2,-137.0,167.0,-265.0,267.0,-50.0,370.0
31,3,-87.0,178.0,-195.0,263.0,-31.0,333.0
31,4,-151.0,112.0,-152.0,203.0,165.0,418.0
31,5,28.0,78.0,137.0,-31.0,108.0,509.0
31,6,-158.0,100.0,-19.0,41.0,103.0,502.0
32,0,-93.0,169.0,-177.0,267.0,271.0,390.0
32,1,-131.0,120.0,-130.0,163.0,8.0,417.0
32,2,-131.0,149.0,-148.0,174.0,-107.0,413.0
32,3,-74.0,168.0,-159.0,276.0,-21.0,349.0
32,4,5.0,87.0,94.0,-25.0,116.0,432.0
32,5,38.0,102.0,157.0,16.0,88.0,454.0
32,6,-109.0,116.0,5.0,41.0,-138.0,427.0
33,0,-45.0,129.0,-116.0,216.0,-46.0,330.0
33,1,-159.0,137.0,-254.0,164.0,-91.0,423.0
33,2,-111.0,172.0,-250.0,240.0,-96.0,427.0
33,3,-78.0,145.0,-164.0,219.0,-47.0,363.0
33,4,-137.0,129.0,-138.0,130.0,144.0,453.0
33,5,1.0,6.0,122.0,-86.0,125.0,456.0
33,6,-204.0,90.0,-91.0,14.0,135.0,482.0
34,0,-54.0,149.0,-65.0,186.0,290.0,373.0
34,1,-149.0,132.0,-124.0,143.0,-110.0,446.0
34,2,-102.0,180.0,-210.0,254.0,-49.0,403.0
34,3,-60.0,160.0,-163.0,218.0,-27.0,369.0
34,4,17.0,77.0,103.0,-51.0,143.0,440.0
34,5,62.0,80.0,152.0,-23.0,111.0,453.0
34,6,-13.0,98.0,56.0,25.0,-151.0,460.0
35,0,-72.0,168.0,-55.0,181.0,-20.0,323.0
35,1,-118.0,149.0,-187.0,178.0,-92.0,418.0
35,2,-130.0,165.0,-244.0,238.0,-79.0,374.0
35,3,-63.0,148.0,-148.0,201.0,-54.0,319.0
35,4,-146.0,147.0,-73.0,46.0,159.0,452.0
35,5,-27.0,76.0,53.0,-8.0,-153.0,465.0
35,6,-172.0,138.0,-61.0,53.0,-163.0,461.0
36,0,-48.0,158.0,-53.0,179.0,-12.0,332.0
36,1,-165.0,157.0,-136.0,153.0,-135.0,459.0
36,2,-65.0,171.0,-156.0,260.0,-16.0,370.0
36,3,-86.0,167.0,-184.0,249.0,-67.0,366.0
36,4,-141.0,122.0,-112.0,183.0,223.0,439.0
36,5,-43.0,71.0,59.0,-19.0,164.0,519.0
36,6,-119.0,119.0,-1.0,44.0,-169.0,473.0
37,0,-45.0,149.0,-91.0,193.0,-27.0,317.0
37,1,-173.0,139.0,-240.0,177.0,-142.0,451.0
37,2,-126.0,173.0,-259.0,237.0,-69.0,418.0
37,3,-82.0,148.0,-180.0,227.0,-57.0,361.0
37,4,-148.0,114.0,-70.0,8.0,163.0,452.0
37,5,30.0,44.0,146.0,-38.0,100.0,471.0
37,6,-158.0,87.0,-27.0,20.0,105.0,484.0
38,0,-63.0,157.0,-86.0,186.0,274.0,378.0
38,1,-121.0,123.0,-169.0,146.0,-6.0,407.0
38,2,-124.0,150.0,-247.0,204.0,-79.0,351.0
38,3,-82.0,168.0,-175.0,254.0,-37.0,333.0
38,4,-137.0,106.0,-79.0,180.0,94.0,408.0
38,5,-42.0,84.0,57.0,-8.0,121.0,441.0
38,6,-160.0,108.0,-61.0,35.0,-140.0,441.0
39,0,-58.0,159.0,-81.0,195.0,-27.0,310.0
39,1,-145.0,152.0,-218.0,186.0,-110.0,481.0
39,2,-128.0,175.0,-255.0,229.0,-71.0,411.0
39,3,-56.0,159.0,-137.0,214.0,-27.0,369.0
39,4,-149.0,120.0,-41.0,7.0,-143.0,448.0
39,5,34.0,63.0,135.0,-75.0,-163.0,463.0
39,6,-149.0,88.0,-30.0,11.0,-164.0,493.0
40,0,-39.0,161.0,-65.0,209.0,-33.0,302.0
40,1,-169.0,144.0,-265.0,160.0,-89.0,449.0
40,2,-149.0,174.0,-272.0,243.0,-84.0,414.0
40,3,-52.0,164.0,-80.0,182.0,-14.0,342.0
40,4,-125.0,83.0,-17.0,-24.0,-146.0,420.0
40,5,36.0,69.0,105.0,-52.0,-166.0,461.0
40,6,-178.0,95.0,-55.0,7.0,-171.0,483.0
41,0,-78.0,157.0,-105.0,188.0,273.0,374.0
41,1,-164.0,119.0,-154.0,122.0,-63.0,440.0
41,2,-118.0,155.0,-249.0,208.0,-72.0,339.0
41,3,-113.0,157.0,-216.0,210.0,-67.0,374.0
41,4,-150.0,100.0,-85.0,63.0,100.0,407.0
41,5,21.0,92.0,73.0,-23.0,140.0,449.0
41,6,-114.0,109.0,-19.0,26.0,-146.0,444.0
42,0,-18.0,145.0,-52.0,227.0,296.0,373.0
42,1,-136.0,118.0,-166.0,121.0,-28.0,440.0
42,2,-112.0,176.0,-225.0,255.0,-16.0,385.0
42,3,-67.0,157.0,-156.0,239.0,-35.0,363.0
42,4,-101.0,74.0,81.0,5.0,130.0,417.0
42,5,53.0,75.0,159.0,-73.0,114.0,462.0
42,6,-83.0,116.0,15.0,32.0,-142.0,462.0
43,0,-69.0,149.0,-142.0,216.0,274.0,374.0
43,1,-194.0,123.0,-117.0,71.0,-62.0,424.0
43,2,-108.0,164.0,-242.0,221.0,-62.0,391.0
43,3,-101.0,150.0,-210.0,203.0,-46.0,372.0
43,4,-73.0,91.0,23.0,5.0,83.0,419.0
43,5,34.0,111.0,138.0,20.0,103.0,430.0
43,6,-59.0,92.0,49.0,65.0,-168.0,430.0
44,0,-67.0,138.0,-107.0,190.0,-21.0,307.0
44,1,-142.0,131.0,-218.0,163.0,0.0,411.0
44,2,-150.0,159.0,-275.0,231.0,-9.0,403.0
44,3,-72.0,145.0,-179.0,197.0,11.0,313.0
44,4,-89.0,111.0,-14.0,174.0,226.0,442.0
44,5,4.0,101.0,76.0,7.0,226.0,476.0
44,6,-133.0,104.0,-47.0,66.0,240.0,475.0
45,0,-48.0,143.0,-107.0,202.0,-33.0,325.0
45,1,-146.0,136.0,-270.0,164.0,-78.0,434.0
45,2,-148.0,163.0,-263.0,205.0,-114.0,427.0
45,3,-62.0,133.0,-142.0,188.0,-39.0,336.0
45,4,31.0,59.0,122.0,-63.0,118.0,463.0
45,5,175.0,-105.0,145.0,43.0,189.0,517.0
45,6,-221.0,75.0,-160.0,42.0,-164.0,492.0
46,0,-22.0,156.0,-34.0,210.0,305.0,383.0
46,1,-116.0,129.0,-161.0,140.0,-78.0,451.0
46,2,-134.0,168.0,-249.0,232.0,-47.0,403.0
46,3,-37.0,162.0,-141.0,236.0,-14.0,381.0
46,4,-107.0,82.0,-26.0,-26.0,138.0,427.0
46,5,14.0,98.0,88.0,-14.0,102.0,465.0
46,6,-117.0,125.0,21.0,55.0,131.0,441.0
47,0,-40.0,162.0,-51.0,198.0,-12.0,311.0
47,1,-94.0,169.0,-219.0,227.0,-53.0,410.0
47,2,-113.0,186.0,-247.0,232.0,-71.0,424.0
47,3,-58.0,168.0,-101.0,222.0,-33.0,298.0
47,4,-152.0,144.0,-155.0,268.0,164.0,480.0
47,5,10.0,64.0,66.0,-40.0,144.0,516.0
47,6,-156.0,139.0,-79.0,47.0,-133.0,476.0
48,0,-73.0,150.0,-152.0,184.0,-21.0,302.0
48,1,-177.0,120.0,-226.0,132.0,-108.0,457.0
48,2,-133.0,161.0,-261.0,215.0,-56.0,397.0
48,3,-90.0,157.0,-215.0,200.0,-34.0,339.0
48,4,-165.0,110.0,-168.0,197.0,149.0,442.0
48,5,9.0,50.0,130.0,-23.0,97.0,525.0
48,6,-194.0,93.0,-59.0,17.0,-168.0,501.0
49,0,-48.0,156.0,-69.0,186.0,-11.0,324.0
49,1,-141.0,129.0,-193.0,126.0,-102.0,428.0
49,2,-93.0,153.0,-199.0,225.0,-29.0,381.0
49,3,-70.0,157.0,-165.0,224.0,-51.0,338.0
49,4,-130.0,149.0,-148.0,71.0,207.0,450.0
49,5,1.0,95.0,73.0,-23.0,158.0,508.0
49,6,-172.0,114.0,-59.0,34.0,-156.0,458.0
50,0,-56.0,136.0,-113.0,199.0,-14.0,303.0
50,1,-169.0,95.0,-200.0,107.0,-41.0,426.0
50,2,-154.0,156.0,-262.0,234.0,1.0,397.0
50,3,-102.0,162.0,-200.0,226.0,11.0,323.0
50,4,-158.0,105.0,-95.0,47.0,234.0,449.0
50,5,10.0,40.0,118.0,-64.0,215.0,477.0
50,6,-155.0,84.0,-45.0,7.0,216.0,491.0
51,0,59.0,-47.0,227.0,-24.0,304.0,354.0
51,1,-163.0,123.0,-274.0,180.0,-16.0,417.0
51,2,-120.0,163.0,-239.0,258.0,-61.0,370.0
51,3,-63.0,149.0,-118.0,235.0,-17.0,331.0
51,4,-1.0,191.0,178.0,17.0,304.0,467.0
51,5,51.0,12.0,62.0,132.0,115.0,414.0
51,6,-151.0,85.0,-41.0,-18.0,-146.0,450.0
52,0,-50.0,36.0,-27.0,152.0,46.0,323.0
52,1,-173.0,124.0,-156.0,121.0,-76.0,464.0
52,2,-103.0,152.0,-218.0,225.0,10.0,384.0
52,3,-93.0,159.0,-219.0,228.0,-12.0,357.0
52,4,-152.0,113.0,-95.0,20.0,228.0,459.0
52,5,-10.0,97.0,48.0,28.0,189.0,518.0
52,6,-120.0,100.0,6.0,54.0,185.0,522.0
53,0,0.0,153.0,54.0,-48.0,304.0,367.0
53,1,-100.0,174.0,-217.0,236.0,16.0,411.0
53,2,-121.0,185.0,-245.0,266.0,-57.0,384.0
53,3,-18.0,157.0,-74.0,244.0,-14.0,316.0
53,4,-136.0,104.0,-84.0,193.0,262.0,437.0
53,5,18.0,81.0,112.0,-23.0,-165.0,469.0
53,6,-130.0,123.0,-68.0,91.0,-129.0,448.0
54,0,-51.0,171.0,-85.0,223.0,290.0,406.0
54,1,-139.0,142.0,-105.0,182.0,-88.0,448.0
54,2,-116.0,157.0,-214.0,186.0,-70.0,425.0
54,3,-58.0,176.0,-149.0,265.0,-18.0,350.0
54,4,-12.0,39.0,92.0,-92.0,132.0,449.0
54,5,83.0,80.0,188.0,-13.0,97.0,482.0
54,6,17.0,109.0,104.0,25.0,121.0,432.0
55,0,-11.0,180.0,60.0,-39.0,-3.0,295.0
55,1,-99.0,175.0,-191.0,231.0,-65.0,409.0
55,2,-115.0,175.0,-247.0,264.0,-51.0,401.0
55,3,-43.0,163.0,-107.0,246.0,-12.0,330.0
55,4,-139.0,122.0,89.0,-1.0,160.0,442.0
55,5,52.0,68.0,157.0,-21.0,124.0,462.0
55,6,-138.0,123.0,-16.0,69.0,170.0,479.0
56,0,-26.0,140.0,-46.0,212.0,289.0,389.0
56,1,-131.0,144.0,-115.0,136.0,-75.0,455.0
56,2,-93.0,173.0,-222.0,241.0,-37.0,402.0
56,3,-37.0,174.0,-139.0,243.0,-24.0,388.0
56,4,-116.0,114.0,-49.0,187.0,152.0,416.0
56,5,33.0,95.0,116.0,-18.0,117.0,474.0
56,6,-106.0,115.0,-2.0,36.0,-125.0,468.0
57,0,-45.0,154.0,-76.0,201.0,-25.0,305.0
57,1,-150.0,138.0,-252.0,184.0,-115.0,429.0
57,2,-137.0,165.0,-269.0,243.0,-69.0,407.0
57,3,-42.0,156.0,-130.0,237.0,-47.0,360.0
57,4,-151.0,92.0,84.0,8.0,156.0,443.0
57,5,30.0,63.0,133.0,-30.0,110.0,474.0
57,6,-172.0,90.0,-52.0,4.0,104.0,487.0
58,0,-60.0,153.0,-143.0,250.0,286.0,388.0
58,1,-148.0,134.0,-99.0,155.0,-41.0,445.0
58,2,-96.0,174.0,-170.0,229.0,-61.0,406.0
58,3,-67.0,173.0,-169.0,245.0,-22.0,358.0
58,4,-36.0,88.0,50.0,-13.0,86.0,426.0
58,5,18.0,108.0,94.0,7.0,109.0,434.0
58,6,-79.0,105.0,26.0,32.0,-164.0,439.0
59,0,-54.0,153.0,-101.0,209.0,258.0,413.0
59,1,-111.0,141.0,-122.0,179.0,-74.0,427.0
59,2,-117.0,165.0,-178.0,196.0,-102.0,423.0
59,3,-46.0,170.0,-114.0,232.0,-34.0,360.0
59,4,40.0,91.0,162.0,-33.0,108.0,452.0
59,5,35.0,94.0,129.0,5.0,86.0,467.0
59,6,-58.0,114.0,49.0,30.0,139.0,421.0
60,0,-65.0,154.0,-107.0,207.0,269.0,389.0
60,1,-88.0,170.0,-161.0,204.0,25.0,396.0
60,2,-128.0,156.0,-188.0,167.0,-131.0,394.0
60,3,-38.0,160.0,-130.0,235.0,-25.0,313.0
60,4,-88.0,131.0,-51.0,99.0,83.0,404.0
60,5,-2.0,90.0,70.0,-14.0,132.0,450.0
60,6,-148.0,126.0,-94.0,90.0,-116.0,444.0
61,0,-49.0,141.0,-85.0,211.0,282.0,404.0
61,1,-119.0,127.0,-83.0,156.0,-104.0,445.0
61,2,-134.0,149.0,-205.0,175.0,-89.0,422.0
61,3,-48.0,164.0,-152.0,274.0,-36.0,364.0
61,4,41.0,72.0,115.0,-56.0,131.0,440.0
61,5,81.0,73.0,160.0,-18.0,105.0,447.0
61,6,21.0,110.0,102.0,11.0,120.0,431.0
62,0,-50.0,171.0,-26.0,172.0,0.0,305.0
62,1,-135.0,151.0,-211.0,183.0,-86.0,426.0
62,2,-99.0,167.0,-244.0,271.0,-25.0,390.0
62,3,-58.0,158.0,-155.0,241.0,-42.0,333.0
62,4,-148.0,138.0,-116.0,90.0,-106.0,429.0
62,5,6.0,99.0,99.0,-17.0,120.0,465.0
62,6,-172.0,127.0,-76.0,71.0,-156.0,462.0
63,0,-44.0,161.0,-122.0,246.0,272.0,417.0
63,1,-103.0,165.0,-135.0,199.0,-72.0,441.0
63,2,-141.0,150.0,-122.0,136.0,-107.0,440.0
63,3,-39.0,166.0,-111.0,252.0,-15.0,339.0
63,4,46.0,42.0,134.0,-99.0,131.0,435.0
63,5,39.0,98.0,145.0,-10.0,108.0,494.0
63,6,-98.0,119.0,13.0,28.0,137.0,438.0
64,0,-35.0,162.0,-71.0,207.0,-7.0,321.0
64,1,-125.0,152.0,-193.0,199.0,-75.0,427.0
64,2,-136.0,174.0,-262.0,232.0,-69.0,417.0
64,3,-41.0,149.0,-109.0,231.0,-35.0,323.0
64,4,73.0,-1.0,113.0,106.0,150.0,439.0
64,5,56.0,-50.0,92.0,17.0,138.0,459.0
64,6,-167.0,87.0,-53.0,41.0,-147.0,471.0
65,0,-52.0,142.0,-119.0,217.0,285.0,385.0
65,1,-181.0,136.0,-142.0,123.0,-72.0,447.0
65,2,-113.0,173.0,-219.0,263.0,-24.0,394.0
65,3,-113.0,171.0,-210.0,244.0,-61.0,390.0
65,4,-137.0,120.0,-82.0,154.0,115.0,427.0
65,5,39.0,90.0,107.0,-10.0,84.0,448.0
65,6,-67.0,118.0,47.0,74.0,-175.0,446.0
66,0,-56.0,143.0,-113.0,209.0,293.0,392.0
66,1,-112.0,167.0,-205.0,222.0,15.0,416.0
66,2,-142.0,175.0,-256.0,235.0,-67.0,387.0
66,3,-72.0,166.0,-158.0,239.0,-16.0,332.0
66,4,-72.0,116.0,35.0,49.0,235.0,466.0
66,5,188.0,-68.0,100.0,15.0,-82.0,485.0
66,6,-123.0,97.0,-24.0,55.0,-112.0,453.0
67,0,50.0,-25.0,76.0,129.0,301.0,385.0
67,1,-144.0,126.0,-246.0,164.0,-7.0,430.0
67,2,-91.0,170.0,-175.0,267.0,-22.0,365.0
67,3,-58.0,152.0,-115.0,214.0,33.0,320.0
67,4,-151.0,124.0,-112.0,105.0,260.0,452.0
67,5,161.0,-74.0,144.0,19.0,178.0,459.0
67,6,-158.0,103.0,-82.0,15.0,-125.0,452.0
68,0,-49.0,143.0,-103.0,227.0,293.0,419.0
68,1,-148.0,145.0,-221.0,184.0,19.0,410.0
68,2,-104.0,183.0,-212.0,226.0,-47.0,428.0
68,3,-66.0,167.0,-109.0,235.0,-28.0,326.0
68,4,183.0,-13.0,131.0,4.0,178.0,440.0
68,5,42.0,73.0,122.0,-23.0,-131.0,465.0
68,6,-147.0,94.0,-40.0,47.0,-119.0,449.0
69,0,-43.0,160.0,-57.0,214.0,-6.0,319.0
69,1,-137.0,160.0,-225.0,201.0,-65.0,408.0
69,2,-126.0,167.0,-263.0,267.0,-63.0,374.0
69,3,-68.0,171.0,-130.0,232.0,-33.0,310.0
69,4,-154.0,129.0,-131.0,150.0,172.0,435.0
69,5,-69.0,100.0,30.0,15.0,-165.0,465.0
69,6,-174.0,127.0,-96.0,95.0,-148.0,454.0
70,0,-29.0,165.0,-17.0,176.0,5.0,292.0
70,1,-187.0,128.0,-230.0,143.0,-133.0,474.0
70,2,-102.0,185.0,-246.0,278.0,-5.0,379.0
70,3,-58.0,162.0,-153.0,227.0,-17.0,352.0
70,4,-139.0,96.0,-84.0,-4.0,-90.0,428.0
70,5,20.0,14.0,142.0,-82.0,-169.0,484.0
70,6,-166.0,75.0,-28.0,18.0,-182.0,503.0
71,0,-39.0,157.0,-17.0,208.0,291.0,381.0
71,1,-136.0,140.0,-95.0,168.0,-126.0,461.0
71,2,-118.0,164.0,-245.0,225.0,-44.0,407.0
71,3,-37.0,161.0,-115.0,249.0,-38.0,384.0
71,4,-90.0,73.0,76.0,4.0,143.0,433.0
71,5,27.0,83.0,122.0,-34.0,103.0,461.0
71,6,-6.0,98.0,88.0,39.0,-152.0,480.0
72,0,-23.0,155.0,-66.0,211.0,55.0,310.0
72,1,-136.0,127.0,-139.0,133.0,-26.0,434.0
72,2,-76.0,153.0,-177.0,221.0,52.0,363.0
72,3,-54.0,154.0,-175.0,209.0,19.0,326.0
72,4,-124.0,130.0,-80.0,163.0,296.0,432.0
72,5,-8.0,82.0,68.0,4.0,227.0,487.0
72,6,-114.0,117.0,-13.0,34.0,231.0,487.0
73,0,-44.0,166.0,-35.0,168.0,0.0,296.0
73,1,-150.0,123.0,-257.0,159.0,-6.0,437.0
73,2,-133.0,157.0,-237.0,220.0,2.0,400.0
73,3,-61.0,139.0,-156.0,192.0,34.0,327.0
73,4,-153.0,106.0,-83.0,13.0,244.0,463.0
73,5,99.0,23.0,149.0,145.0,160.0,436.0
73,6,-180.0,109.0,-95.0,21.0,-117.0,456.0
74,0,-55.0,149.0,-93.0,203.0,-32.0,310.0
74,1,-157.0,144.0,-237.0,190.0,-144.0,459.0
74,2,-137.0,170.0,-254.0,237.0,-75.0,409.0
74,3,-72.0,160.0,-167.0,234.0,-50.0,363.0
74,4,-158.0,114.0,87.0,3.0,153.0,452.0
74,5,23.0,70.0,139.0,-22.0,105.0,497.0
74,6,-113.0,96.0,14.0,66.0,102.0,507.0
75,0,-67.0,164.0,-157.0,209.0,270.0,428.0
75,1,-118.0,157.0,-236.0,177.0,21.0,416.0
75,2,-149.0,154.0,-240.0,158.0,-68.0,392.0
75,3,-43.0,147.0,-127.0,199.0,-47.0,373.0
75,4,-20.0,106.0,50.0,17.0,252.0,461.0
75,5,67.0,51.0,191.0,-78.0,146.0,431.0
75,6,-115.0,114.0,-44.0,69.0,-107.0,452.0
76,0,-43.0,162.0,-14.0,184.0,-3.0,305.0
76,1,-109.0,164.0,-224.0,210.0,-57.0,411.0
76,2,-131.0,177.0,-250.0,272.0,-57.0,403.0
76,3,-49.0,162.0,-122.0,245.0,-34.0,316.0
76,4,-136.0,116.0,-160.0,242.0,-142.0,428.0
76,5,-52.0,71.0,43.0,-14.0,118.0,501.0
76,6,-170.0,132.0,-87.0,57.0,-149.0,463.0
77,0,-34.0,154.0,-67.0,234.0,-15.0,340.0
77,1,-115.0,154.0,-188.0,176.0,-93.0,426.0
77,2,-123.0,180.0,-255.0,253.0,-69.0,397.0
77,3,-47.0,165.0,-127.0,260.0,-52.0,334.0
77,4,-155.0,112.0,-97.0,31.0,160.0,469.0
77,5,5.0,62.0,105.0,-21.0,124.0,480.0
77,6,-183.0,112.0,-60.0,30.0,140.0,488.0
78,0,-30.0,169.0,65.0,-33.0,295.0,374.0
78,1,-128.0,146.0,-156.0,171.0,-85.0,459.0
78,2,-131.0,165.0,-250.0,230.0,-49.0,406.0
78,3,-56.0,172.0,-142.0,267.0,-7.0,354.0
78,4,-119.0,95.0,-22.0,-21.0,143.0,426.0
78,5,16.0,88.0,106.0,-14.0,116.0,489.0
78,6,-128.0,122.0,-17.0,50.0,122.0,437.0
79,0,-20.0,163.0,-53.0,213.0,295.0,389.0
79,1,-128.0,152.0,-227.0,162.0,34.0,406.0
79,2,-139.0,169.0,-256.0,225.0,-50.0,381.0
79,3,-53.0,154.0,-140.0,214.0,-19.0,333.0
79,4,-79.0,103.0,-2.0,76.0,131.0,406.0
79,5,26.0,72.0,112.0,-34.0,146.0,464.0
79,6,-157.0,102.0,-82.0,66.0,-98.0,445.0
80,0,-40.0,161.0,-44.0,173.0,27.0,315.0
80,1,-164.0,116.0,-208.0,147.0,-38.0,425.0
80,2,-127.0,153.0,-250.0,230.0,-15.0,389.0
80,3,-75.0,144.0,-179.0,198.0,-2.0,326.0
80,4,-135.0,118.0,-129.0,192.0,220.0,466.0
80,5,5.0,94.0,78.0,10.0,209.0,497.0
80,6,-141.0,105.0,-22.0,75.0,223.0,494.0
81,0,-10.0,156.0,-36.0,208.0,293.0,375.0
81,1,-123.0,145.0,-99.0,171.0,-103.0,440.0
81,2,-121.0,177.0,-231.0,250.0,-39.0,396.0
81,3,-52.0,171.0,-156.0,276.0,-25.0,366.0
81,4,-8.0,80.0,73.0,-20.0,155.0,451.0
81,5,52.0,76.0,143.0,-15.0,106.0,448.0
81,6,-26.0,103.0,63.0,24.0,-154.0,451.0
82,0,-34.0,156.0,-38.0,189.0,-4.0,318.0
82,1,-150.0,139.0,-274.0,195.0,-86.0,423.0
82,2,-89.0,158.0,-204.0,224.0,-26.0,389.0
82,3,-40.0,147.0,-114.0,242.0,-49.0,323.0
82,4,-123.0,136.0,-104.0,217.0,193.0,431.0
82,5,-60.0,75.0,23.0,-1.0,140.0,518.0
82,6,-183.0,120.0,-104.0,63.0,-154.0,476.0
83,0,-36.0,145.0,-80.0,206.0,-31.0,330.0
83,1,-105.0,147.0,-200.0,194.0,-91.0,429.0
83,2,-108.0,179.0,-238.0,216.0,-58.0,414.0
83,3,-55.0,150.0,-134.0,222.0,-56.0,347.0
83,4,-146.0,119.0,-134.0,207.0,166.0,440.0
83,5,-26.0,44.0,77.0,-51.0,150.0,507.0
83,6,-164.0,138.0,-61.0,49.0,-155.0,471.0
84,0,-62.0,127.0,-98.0,172.0,42.0,329.0
84,1,-140.0,111.0,-126.0,130.0,-19.0,423.0
84,2,-133.0,157.0,-275.0,219.0,15.0,397.0
84,3,-79.0,140.0,-176.0,217.0,14.0,337.0
84,4,-154.0,118.0,-127.0,57.0,265.0,461.0
84,5,6.0,90.0,78.0,8.0,210.0,480.0
84,6,-118.0,107.0,-7.0,27.0,223.0,488.0
85,0,-24.0,136.0,-19.0,172.0,302.0,380.0
85,1,-139.0,134.0,-177.0,143.0,-73.0,440.0
85,2,-126.0,163.0,-221.0,229.0,-14.0,393.0
85,3,-47.0,156.0,-154.0,241.0,-7.0,378.0
85,4,-125.0,132.0,91.0,1.0,174.0,441.0
85,5,9.0,122.0,85.0,27.0,95.0,449.0
85,6,-137.0,121.0,-14.0,68.0,129.0,425.0
86,0,-84.0,159.0,-81.0,165.0,-20.0,295.0
86,1,-163.0,123.0,-226.0,138.0,-47.0,451.0
86,2,-137.0,140.0,-269.0,223.0,-21.0,392.0
86,3,-114.0,130.0,-203.0,186.0,-2.0,336.0
86,4,-159.0,103.0,-169.0,162.0,219.0,449.0
86,5,-87.0,74.0,33.0,12.0,117.0,462.0
86,6,-153.0,101.0,-40.0,28.0,210.0,504.0
87,0,-12.0,204.0,47.0,-28.0,-27.0,366.0
87,1,-168.0,143.0,-84.0,90.0,-140.0,463.0
87,2,-26.0,179.0,-23.0,210.0,3.0,367.0
87,3,-87.0,175.0,-201.0,241.0,-106.0,378.0
87,4,-112.0,172.0,-260.0,221.0,303.0,410.0
87,5,-84.0,23.0,17.0,-55.0,178.0,499.0
87,6,23.0,65.0,124.0,-24.0,170.0,506.0
88,0,-54.0,138.0,-140.0,196.0,282.0,399.0
88,1,-138.0,129.0,-152.0,170.0,-36.0,451.0
88,2,-109.0,166.0,-222.0,209.0,-57.0,413.0
88,3,-68.0,156.0,-169.0,222.0,-14.0,366.0
88,4,-59.0,78.0,76.0,11.0,97.0,418.0
88,5,33.0,71.0,112.0,-33.0,-142.0,455.0
88,6,-102.0,115.0,34.0,54.0,-135.0,453.0
89,0,-7.0,144.0,-11.0,198.0,291.0,391.0
89,1,-133.0,142.0,-145.0,141.0,-103.0,467.0
89,2,-128.0,166.0,-232.0,208.0,-55.0,420.0
89,3,-42.0,160.0,-154.0,236.0,-20.0,375.0
89,4,-48.0,93.0,13.0,-31.0,128.0,433.0
89,5,21.0,108.0,111.0,-22.0,91.0,490.0
89,6,-56.0,119.0,35.0,50.0,112.0,435.0
90,0,-43.0,158.0,-60.0,214.0,-14.0,322.0
90,1,-165.0,139.0,-146.0,113.0,-139.0,461.0
90,2,-23.0,132.0,-97.0,210.0,-23.0,350.0
90,3,-94.0,165.0,-233.0,240.0,-82.0,365.0
90,4,-124.0,164.0,-203.0,178.0,231.0,426.0
90,5,0.0,70.0,108.0,-37.0,156.0,513.0
90,6,-101.0,112.0,13.0,43.0,131.0,500.0
91,0,-50.0,171.0,-113.0,245.0,1.0,315.0
91,1,-163.0,137.0,-260.0,155.0,-75.0,442.0
91,2,-137.0,174.0,-281.0,238.0,-49.0,417.0
91,3,-69.0,169.0,-170.0,237.0,-11.0,338.0
91,4,-137.0,77.0,-30.0,-38.0,153.0,442.0
91,5,207.0,-93.0,135.0,22.0,178.0,503.0
91,6,-172.0,88.0,-51.0,-13.0,-162.0,483.0
92,0,-73.0,156.0,-129.0,219.0,276.0,369.0
92,1,-137.0,111.0,-167.0,116.0,-33.0,428.0
92,2,-137.0,167.0,-251.0,221.0,-112.0,402.0
92,3,-89.0,163.0,-173.0,214.0,-32.0,334.0
92,4,6.0,98.0,96.0,-13.0,70.0,427.0
92,5,-10.0,121.0,102.0,19.0,-197.0,450.0
92,6,-155.0,107.0,-5.0,64.0,-161.0,449.0
93,0,-43.0,164.0,-4.0,181.0,-5.0,302.0
93,1,-117.0,142.0,-234.0,201.0,-92.0,430.0
93,2,-117.0,185.0,-249.0,234.0,-69.0,415.0
93,3,-51.0,159.0,-74.0,185.0,-42.0,309.0
93,4,-42.0,93.0,29.0,10.0,158.0,481.0
93,5,17.0,81.0,129.0,-29.0,110.0,499.0
93,6,-176.0,125.0,-83.0,61.0,-175.0,475.0
94,0,-31.0,152.0,-81.0,199.0,-35.0,334.0
94,1,-157.0,132.0,-211.0,169.0,-118.0,431.0
94,2,-109.0,171.0,-230.0,240.0,-94.0,385.0
94,3,-81.0,163.0,-185.0,227.0,-61.0,324.0
94,4,-171.0,113.0,-147.0,111.0,122.0,437.0
94,5,-83.0,61.0,43.0,-6.0,126.0,489.0
94,6,-173.0,104.0,-51.0,6.0,-178.0,454.0
95,0,-98.0,145.0,-156.0,188.0,252.0,377.0
95,1,-128.0,132.0,-180.0,153.0,-22.0,416.0
95,2,-149.0,156.0,-226.0,198.0,-122.0,405.0
95,3,-94.0,171.0,-193.0,235.0,-37.0,325.0
95,4,-8.0,103.0,91.0,17.0,61.0,438.0
95,5,6.0,81.0,82.0,13.0,-159.0,443.0
95,6,-164.0,99.0,-62.0,58.0,-154.0,430.0
96,0,-34.0,159.0,-40.0,229.0,-17.0,297.0
96,1,-125.0,144.0,-203.0,189.0,-98.0,437.0
96,2,-96.0,172.0,-207.0,279.0,-40.0,388.0
96,3,-39.0,161.0,-124.0,250.0,-31.0,355.0
96,4,-138.0,124.0,-134.0,233.0,181.0,446.0
96,5,19.0,87.0,86.0,-22.0,124.0,500.0
96,6,-157.0,99.0,-41.0,7.0,144.0,489.0
97,0,-31.0,164.0,-28.0,195.0,8.0,297.0
97,1,-115.0,142.0,-189.0,178.0,-92.0,424.0
97,2,-104.0,172.0,-218.0,224.0,-48.0,400.0
97,3,-37.0,159.0,-82.0,208.0,-39.0,321.0
97,4,-122.0,119.0,-148.0,251.0,153.0,453.0
97,5,-35.0,75.0,57.0,-17.0,-168.0,474.0
97,6,-172.0,94.0,-64.0,39.0,-173.0,462.0
98,0,-51.0,165.0,-131.0,212.0,297.0,406.0
98,1,-118.0,156.0,-231.0,175.0,20.0,413.0
98,2,-113.0,174.0,-234.0,205.0,-53.0,387.0
98,3,-48.0,160.0,-125.0,203.0,-27.0,346.0
98,4,10.0,76.0,133.0,-65.0,155.0,428.0
98,5,56.0,84.0,158.0,-33.0,125.0,447.0
98,6,-115.0,110.0,-40.0,36.0,-105.0,458.0
99,0,-64.0,154.0,-105.0,223.0,277.0,419.0
99,1,-111.0,130.0,-123.0,145.0,0.0,438.0
99,2,-107.0,178.0,-230.0,234.0,-56.0,407.0
99,3,-68.0,169.0,-156.0,256.0,-43.0,357.0
99,4,-71.0,112.0,77.0,-2.0,110.0,428.0
99,5,46.0,79.0,153.0,-32.0,-121.0,485.0
99,6,-94.0,122.0,26.0,39.0,-117.0,479.0
100,0,-69.0,162.0,-139.0,236.0,-26.0,322.0
100,1,-130.0,160.0,-240.0,197.0,-52.0,430.0
100,2,-152.0,160.0,-246.0,178.0,-108.0,429.0
100,3,-67.0,165.0,-150.0,246.0,-19.0,337.0
100,4,-39.0,53.0,56.0,-55.0,-157.0,438.0
100,5,47.0,13.0,46.0,14.0,144.0,505.0
100,6,-165.0,123.0,-76.0,55.0,-132.0,493.0
101,0,-51.0,168.0,-24.0,174.0,-4.0,302.0
101,1,-144.0,148.0,-229.0,175.0,-75.0,420.0
101,2,-131.0,176.0,-253.0,259.0,-62.0,405.0
101,3,-63.0,164.0,-119.0,213.0,-21.0,337.0
101,4,-169.0,109.0,-94.0,18.0,-146.0,428.0
101,5,15.0,84.0,95.0,-31.0,123.0,471.0
101,6,-176.0,115.0,-92.0,61.0,167.0,502.0
102,0,-79.0,149.0,-157.0,231.0,275.0,393.0
102,1,-181.0,133.0,-155.0,154.0,-77.0,445.0
102,2,-103.0,173.0,-198.0,223.0,-39.0,366.0
102,3,-107.0,164.0,-206.0,230.0,-78.0,399.0
102,4,-58.0,123.0,24.0,146.0,123.0,416.0
102,5,-6.0,107.0,75.0,13.0,104.0,445.0
102,6,-116.0,106.0,12.0,47.0,-175.0,439.0
103,0,-70.0,131.0,-156.0,235.0,-9.0,302.0
103,1,-187.0,112.0,-120.0,100.0,-22.0,415.0
103,2,-142.0,162.0,-263.0,254.0,19.0,380.0
103,3,-100.0,171.0,-207.0,234.0,12.0,329.0
103,4,-158.0,134.0,-108.0,81.0,261.0,442.0
103,5,-20.0,79.0,75.0,-40.0,223.0,478.0
103,6,-122.0,94.0,-20.0,51.0,232.0,478.0
104,0,-34.0,157.0,-65.0,217.0,-3.0,304.0
104,1,-133.0,150.0,-228.0,211.0,-87.0,430.0
104,2,-113.0,185.0,-234.0,250.0,-55.0,419.0
104,3,-51.0,171.0,-122.0,234.0,-39.0,312.0
104,4,-145.0,118.0,-64.0,-1.0,168.0,465.0
104,5,22.0,66.0,116.0,-52.0,140.0,521.0
104,6,-163.0,131.0,-61.0,48.0,-153.0,482.0
105,0,-69.0,158.0,-149.0,229.0,-14.0,315.0
105,1,-157.0,130.0,-233.0,137.0,-76.0,462.0
105,2,-144.0,175.0,-286.0,245.0,-66.0,421.0
105,3,-76.0,152.0,-198.0,222.0,-2.0,349.0
105,4,-116.0,28.0,80.0,14.0,-139.0,439.0
105,5,38.0,69.0,131.0,-38.0,-187.0,485.0
105,6,-164.0,102.0,-41.0,20.0,-150.0,496.0
106,0,-63.0,175.0,-10.0,204.0,-21.0,327.0
106,1,-135.0,168.0,-170.0,248.0,-157.0,464.0
106,2,-99.0,166.0,-192.0,283.0,-52.0,386.0
106,3,-66.0,152.0,-120.0,264.0,-104.0,353.0
106,4,-157.0,121.0,-130.0,203.0,167.0,445.0
106,5,160.0,-44.0,181.0,2.0,231.0,530.0
106,6,-97.0,84.0,9.0,22.0,128.0,503.0
107,0,-48.0,145.0,-114.0,224.0,-21.0,324.0
107,1,-135.0,140.0,-197.0,179.0,-88.0,445.0
107,2,-168.0,166.0,-296.0,230.0,-86.0,422.0
107,3,-68.0,168.0,-176.0,249.0,-29.0,354.0
107,4,86.0,7.0,128.0,114.0,131.0,451.0
107,5,29.0,51.0,145.0,-66.0,115.0,522.0
107,6,-167.0,104.0,-42.0,25.0,-170.0,499.0
108,0,-30.0,150.0,-44.0,194.0,295.0,380.0
108,1,-143.0,125.0,-164.0,133.0,-40.0,455.0
108,2,-121.0,171.0,-235.0,248.0,-42.0,404.0
108,3,-76.0,34.0,-52.0,157.0,-12.0,375.0
108,4,-99.0,102.0,76.0,12.0,85.0,413.0
108,5,8.0,53.0,51.0,17.0,-154.0,449.0
108,6,-91.0,72.0,72.0,14.0,-158.0,450.0
109,0,-80.0,153.0,-164.0,194.0,265.0,389.0
109,1,-179.0,125.0,-135.0,141.0,-54.0,444.0
109,2,-111.0,156.0,-204.0,206.0,-55.0,360.0
109,3,-92.0,156.0,-206.0,211.0,-61.0,370.0
109,4,-43.0,141.0,44.0,69.0,112.0,411.0
109,5,1.0,108.0,86.0,-8.0,90.0,425.0
109,6,-133.0,88.0,-20.0,39.0,-177.0,461.0
110,0,-45.0,155.0,-71.0,211.0,-15.0,307.0
110,1,-163.0,151.0,-217.0,170.0,-118.0,480.0
110,2,-128.0,175.0,-247.0,243.0,-49.0,393.0
110,3,-72.0,171.0,-191.0,246.0,-21.0,360.0
110,4,-157.0,104.0,-163.0,244.0,-124.0,430.0
110,5,42.0,69.0,128.0,-77.0,-162.0,460.0
110,6,-151.0,97.0,-18.0,29.0,-177.0,500.0
111,0,-90.0,147.0,-163.0,203.0,256.0,442.0
111,1,-135.0,144.0,-232.0,164.0,-1.0,435.0
111,2,-158.0,157.0,-284.0,190.0,-75.0,398.0
111,3,-66.0,151.0,-154.0,200.0,-50.0,376.0
111,4,-37.0,103.0,40.0,19.0,249.0,471.0
111,5,39.0,61.0,126.0,-49.0,-137.0,464.0
111,6,-123.0,104.0,-59.0,12.0,-116.0,461.0
112,0,-46.0,167.0,-34.0,187.0,-23.0,325.0
112,1,-132.0,138.0,-112.0,222.0,-107.0,428.0
112,2,-67.0,168.0,-168.0,244.0,-33.0,377.0
112,3,-38.0,161.0,-131.0,244.0,-60.0,335.0
112,4,-138.0,144.0,-114.0,70.0,196.0,458.0
112,5,-11.0,78.0,97.0,-39.0,157.0,508.0
112,6,-106.0,127.0,18.0,46.0,161.0,495.0
113,0,-1.0,174.0,62.0,-34.0,58.0,297.0
113,1,-150.0,131.0,-213.0,153.0,-36.0,434.0
113,2,-78.0,138.0,-184.0,218.0,19.0,357.0
113,3,-60.0,145.0,-165.0,201.0,16.0,328.0
113,4,-155.0,130.0,-127.0,136.0,263.0,428.0
113,5,18.0,89.0,51.0,13.0,201.0,497.0
113,6,-141.0,113.0,-27.0,44.0,201.0,500.0
114,0,-46.0,158.0,-70.0,217.0,-9.0,308.0
114,1,-128.0,163.0,-248.0,220.0,-58.0,409.0
114,2,-123.0,179.0,-252.0,227.0,-70.0,418.0
114,3,-49.0,164.0,-36.0,180.0,-36.0,311.0
114,4,-88.0,78.0,-17.0,-21.0,-143.0,446.0
114,5,15.0,79.0,113.0,-24.0,122.0,493.0
114,6,-171.0,116.0,-93.0,80.0,-141.0,464.0
115,0,-52.0,144.0,-80.0,189.0,-23.0,316.0
115,1,-95.0,157.0,-188.0,234.0,-59.0,408.0
115,2,-125.0,167.0,-233.0,214.0,-104.0,427.0
115,3,-39.0,149.0,-78.0,220.0,-22.0,333.0
115,4,-28.0,82.0,47.0,3.0,-156.0,447.0
115,5,-3.0,85.0,90.0,-19.0,128.0,495.0
115,6,-138.0,136.0,-71.0,114.0,-137.0,457.0
116,0,-40.0,162.0,-57.0,190.0,-20.0,297.0
116,1,-168.0,151.0,-246.0,190.0,-121.0,457.0
116,2,-146.0,161.0,-283.0,234.0,-52.0,392.0
116,3,-73.0,145.0,-171.0,208.0,-34.0,359.0
116,4,-156.0,114.0,-54.0,7.0,-123.0,429.0
116,5,35.0,65.0,125.0,-58.0,-181.0,455.0
116,6,-161.0,110.0,-48.0,31.0,-189.0,480.0
117,0,-49.0,153.0,-98.0,228.0,300.0,427.0
117,1,-154.0,135.0,-178.0,142.0,15.0,454.0
117,2,-111.0,178.0,-228.0,243.0,-36.0,420.0
117,3,-73.0,165.0,-174.0,231.0,-35.0,366.0
117,4,-86.0,91.0,-27.0,-23.0,131.0,426.0
117,5,34.0,74.0,103.0,-47.0,-128.0,489.0
117,6,-127.0,119.0,-49.0,63.0,-108.0,468.0
118,0,-55.0,156.0,-75.0,200.0,-16.0,317.0
118,1,-114.0,157.0,-229.0,205.0,-85.0,411.0
118,2,-131.0,173.0,-251.0,236.0,-91.0,397.0
118,3,-59.0,158.0,-133.0,224.0,-41.0,302.0
118,4,-141.0,100.0,-65.0,41.0,145.0,439.0
118,5,161.0,-8.0,132.0,23.0,163.0,485.0
118,6,-165.0,96.0,-51.0,12.0,-180.0,436.0
119,0,-37.0,160.0,-57.0,214.0,-10.0,301.0
119,1,-134.0,155.0,-186.0,191.0,-114.0,446.0
119,2,-79.0,181.0,-139.0,259.0,-26.0,398.0
119,3,-39.0,161.0,-118.0,234.0,-45.0,311.0
119,4,-131.0,144.0,-83.0,55.0,187.0,462.0
119,5,66.0,75.0,164.0,-19.0,127.0,501.0
119,6,-131.0,98.0,8.0,37.0,-186.0,481.0
120,0,-27.0,157.0,-117.0,197.0,284.0,410.0
120,1,-131.0,149.0,-221.0,158.0,26.0,407.0
120,2,-132.0,170.0,-253.0,203.0,-67.0,390.0
120,3,-37.0,146.0,-126.0,194.0,-30.0,351.0
120,4,-120.0,85.0,88.0,2.0,120.0,410.0
120,5,63.0,79.0,184.0,-39.0,142.0,454.0
120,6,-128.0,112.0,-61.0,92.0,-97.0,460.0
121,0,-37.0,154.0,-77.0,206.0,-27.0,311.0
121,1,-129.0,163.0,-219.0,165.0,-96.0,438.0
121,2,-116.0,174.0,-239.0,235.0,-62.0,403.0
121,3,-31.0,157.0,-124.0,244.0,-52.0,329.0
121,4,-149.0,126.0,-133.0,226.0,164.0,453.0
121,5,19.0,89.0,97.0,-27.0,159.0,526.0
121,6,-145.0,116.0,-41.0,6.0,-156.0,468.0
122,0,-45.0,164.0,-99.0,222.0,-7.0,312.0
122,1,-145.0,164.0,-257.0,201.0,-66.0,413.0
122,2,-138.0,177.0,-257.0,211.0,-80.0,422.0
122,3,-40.0,155.0,-96.0,216.0,-8.0,333.0
122,4,30.0,74.0,125.0,-30.0,130.0,458.0
122,5,60.0,83.0,158.0,0.0,108.0,477.0
122,6,-153.0,115.0,-44.0,40.0,147.0,502.0
123,0,-36.0,157.0,-75.0,205.0,293.0,410.0
123,1,-108.0,157.0,-227.0,154.0,36.0,406.0
123,2,-122.0,174.0,-251.0,196.0,-60.0,394.0
123,3,-30.0,169.0,-99.0,209.0,-17.0,352.0
123,4,-97.0,90.0,89.0,7.0,129.0,424.0
123,5,32.0,82.0,121.0,-44.0,148.0,453.0
123,6,-127.0,109.0,-74.0,28.0,-107.0,449.0
124,0,-45.0,156.0,-81.0,210.0,289.0,399.0
124,1,-136.0,136.0,-163.0,164.0,-40.0,459.0
124,2,-105.0,173.0,-221.0,237.0,-27.0,400.0
124,3,-58.0,164.0,-158.0,232.0,-38.0,393.0
124,4,-145.0,95.0,-113.0,185.0,111.0,425.0
124,5,-57.0,-3.0,46.0,81.0,-123.0,482.0
124,6,-100.0,113.0,19.0,27.0,-135.0,454.0
125,0,-46.0,161.0,-61.0,194.0,2.0,307.0
125,1,-109.0,162.0,-185.0,238.0,-73.0,412.0
125,2,-103.0,178.0,-225.0,246.0,-44.0,414.0
125,3,-54.0,174.0,-143.0,255.0,-34.0,310.0
125,4,-126.0,120.0,-75.0,11.0,158.0,447.0
125,5,19.0,81.0,115.0,-26.0,126.0,453.0
125,6,-137.0,135.0,-30.0,94.0,-145.0,462.0
126,0,-30.0,161.0,-107.0,225.0,273.0,428.0
126,1,-104.0,157.0,-126.0,171.0,-87.0,461.0
126,2,-110.0,160.0,-185.0,180.0,-78.0,445.0
126,3,-44.0,173.0,-159.0,225.0,-26.0,363.0
126,4,39.0,69.0,132.0,-64.0,132.0,437.0
126,5,49.0,85.0,183.0,-41.0,116.0,492.0
126,6,-26.0,82.0,75.0,-1.0,133.0,440.0
127,0,-31.0,152.0,-32.0,153.0,-14.0,319.0
127,1,-115.0,150.0,-227.0,194.0,-88.0,416.0
127,2,-117.0,183.0,-252.0,218.0,-60.0,410.0
127,3,-31.0,152.0,-111.0,230.0,-48.0,308.0
127,4,-155.0,99.0,-52.0,12.0,170.0,467.0
127,5,-1.0,101.0,0.0,102.0,135.0,504.0
127,6,-172.0,123.0,-102.0,55.0,-161.0,453.0
128,0,-43.0,160.0,-84.0,224.0,290.0,392.0
128,1,-100.0,169.0,-189.0,185.0,0.0,407.0
128,2,-123.0,171.0,-254.0,233.0,-65.0,389.0
128,3,-34.0,159.0,-110.0,221.0,-32.0,338.0
128,4,-118.0,96.0,85.0,4.0,124.0,423.0
128,5,63.0,87.0,169.0,-13.0,124.0,445.0
128,6,-108.0,137.0,-4.0,103.0,-124.0,443.0
129,0,-81.0,159.0,-172.0,212.0,272.0,386.0
129,1,-158.0,139.0,-92.0,111.0,-62.0,458.0
129,2,-134.0,144.0,-145.0,189.0,-108.0,411.0
129,3,-101.0,171.0,-198.0,224.0,-46.0,382.0
129,4,16.0,103.0,99.0,17.0,119.0,427.0
129,5,50.0,94.0,154.0,-19.0,104.0,442.0
129,6,8.0,119.0,105.0,18.0,-169.0,451.0
130,0,-40.0,150.0,-99.0,180.0,284.0,381.0
130,1,-113.0,160.0,-240.0,185.0,8.0,414.0
130,2,-119.0,170.0,-251.0,223.0,-73.0,388.0
130,3,-65.0,166.0,-94.0,182.0,-29.0,334.0
130,4,-17.0,114.0,62.0,11.0,100.0,417.0
130,5,36.0,86.0,113.0,-11.0,139.0,446.0
130,6,-118.0,126.0,-30.0,100.0,-119.0,459.0
131,0,61.0,-24.0,130.0,123.0,-19.0,288.0
131,1,-177.0,125.0,-230.0,132.0,-67.0,457.0
131,2,-108.0,140.0,-198.0,210.0,21.0,378.0
131,3,-96.0,144.0,-194.0,199.0,-11.0,357.0
131,4,-170.0,101.0,-149.0,225.0,249.0,434.0
131,5,69.0,-38.0,121.0,39.0,155.0,444.0
131,6,-165.0,73.0,-53.0,-12.0,-164.0,465.0
132,0,-36.0,174.0,-18.0,182.0,4.0,289.0
132,1,-116.0,147.0,-187.0,181.0,-97.0,439.0
132,2,-62.0,159.0,-166.0,242.0,-16.0,382.0
132,3,-49.0,163.0,-132.0,252.0,-45.0,339.0
132,4,-114.0,130.0,-61.0,61.0,-114.0,455.0
132,5,-28.0,79.0,65.0,-12.0,138.0,457.0
132,6,-165.0,116.0,-47.0,42.0,-168.0,457.0
133,0,-53.0,177.0,-18.0,182.0,-1.0,309.0
133,1,-104.0,161.0,-200.0,231.0,-77.0,423.0
133,2,-128.0,179.0,-253.0,281.0,-56.0,412.0
133,3,-47.0,165.0,-94.0,243.0,-22.0,345.0
133,4,-134.0,119.0,-74.0,139.0,-123.0,431.0
133,5,-69.0,75.0,31.0,-23.0,101.0,457.0
133,6,-184.0,126.0,-73.0,43.0,142.0,485.0
134,0,-75.0,154.0,-154.0,205.0,253.0,395.0
134,1,-87.0,169.0,-202.0,218.0,16.0,394.0
134,2,-127.0,169.0,-212.0,211.0,-100.0,415.0
134,3,-63.0,151.0,-126.0,219.0,-50.0,332.0
134,4,-19.0,91.0,69.0,12.0,68.0,407.0
134,5,2.0,110.0,81.0,-1.0,115.0,467.0
134,6,-146.0,131.0,-78.0,83.0,-118.0,457.0
135,0,-33.0,157.0,-26.0,224.0,296.0,399.0
135,1,-113.0,154.0,-108.0,137.0,-76.0,452.0
135,2,-105.0,179.0,-226.0,248.0,-33.0,415.0
135,3,-32.0,177.0,-134.0,267.0,-21.0,367.0
135,4,-110.0,124.0,-34.0,217.0,169.0,422.0
135,5,4.0,92.0,95.0,-10.0,86.0,480.0
135,6,-109.0,123.0,6.0,19.0,128.0,435.0
136,0,-33.0,152.0,-76.0,211.0,278.0,367.0
136,1,-164.0,119.0,-206.0,122.0,-50.0,459.0
136,2,-109.0,168.0,-228.0,267.0,-46.0,381.0
136,3,-59.0,150.0,-170.0,213.0,-44.0,376.0
136,4,-122.0,112.0,88.0,-2.0,108.0,420.0
136,5,15.0,60.0,89.0,-60.0,103.0,431.0
136,6,-151.0,70.0,-47.0,-3.0,-145.0,458.0
137,0,-45.0,164.0,-57.0,169.0,32.0,328.0
137,1,-143.0,126.0,-190.0,164.0,-39.0,414.0
137,2,-155.0,154.0,-291.0,211.0,-7.0,405.0
137,3,-67.0,149.0,-176.0,203.0,-2.0,319.0
137,4,-129.0,93.0,-76.0,46.0,228.0,449.0
137,5,4.0,90.0,76.0,8.0,228.0,477.0
137,6,-126.0,92.0,-28.0,52.0,222.0,475.0
138,0,-28.0,144.0,-57.0,190.0,276.0,388.0
138,1,-124.0,134.0,-144.0,173.0,-30.0,432.0
138,2,-96.0,180.0,-220.0,245.0,-47.0,401.0
138,3,-47.0,158.0,-151.0,222.0,-21.0,366.0
138,4,-95.0,125.0,-35.0,177.0,113.0,405.0
138,5,85.0,60.0,190.0,-57.0,-145.0,462.0
138,6,-58.0,95.0,48.0,39.0,-153.0,450.0
139,0,-58.0,163.0,-113.0,229.0,-22.0,315.0
139,1,-162.0,134.0,-244.0,171.0,-74.0,441.0
139,2,-151.0,175.0,-291.0,222.0,-77.0,423.0
139,3,-66.0,170.0,-155.0,261.0,-22.0,335.0
139,4,-111.0,70.0,-12.0,-5.0,-145.0,438.0
139,5,35.0,45.0,139.0,-79.0,121.0,516.0
139,6,-169.0,96.0,-53.0,17.0,-130.0,493.0
140,0,-50.0,153.0,-76.0,203.0,-19.0,311.0
140,1,-154.0,145.0,-232.0,149.0,-74.0,419.0
140,2,-131.0,170.0,-264.0,240.0,-66.0,415.0
140,3,-63.0,150.0,-155.0,211.0,-22.0,335.0
140,4,-156.0,100.0,-63.0,0.0,173.0,456.0
140,5,8.0,75.0,124.0,-24.0,115.0,489.0
140,6,-162.0,95.0,-51.0,-1.0,147.0,492.0
141,0,-58.0,149.0,-99.0,193.0,265.0,382.0
141,1,-145.0,115.0,-163.0,132.0,-42.0,422.0
141,2,-123.0,166.0,-257.0,204.0,-98.0,384.0
141,3,-88.0,166.0,-186.0,221.0,-41.0,340.0
141,4,-84.0,86.0,79.0,20.0,91.0,415.0
141,5,-74.0,98.0,72.0,17.0,107.0,436.0
141,6,-150.0,101.0,-54.0,30.0,-171.0,445.0
142,0,-22.0,159.0,-28.0,192.0,290.0,385.0
142,1,-150.0,150.0,-122.0,161.0,-110.0,482.0
142,2,-129.0,165.0,-249.0,217.0,-49.0,409.0
142,3,-36.0,167.0,-146.0,230.0,-30.0,371.0
142,4,-61.0,82.0,11.0,-39.0,147.0,443.0
142,5,10.0,96.0,103.0,-14.0,111.0,487.0
142,6,-135.0,83.0,-20.0,39.0,110.0,444.0
143,0,-29.0,157.0,-24.0,175.0,-12.0,276.0
143,1,-113.0,155.0,-247.0,225.0,-6.0,420.0
143,2,-126.0,123.0,-224.0,193.0,7.0,369.0
143,3,-67.0,150.0,-89.0,173.0,21.0,305.0
143,4,-169.0,100.0,-128.0,150.0,250.0,446.0
143,5,-63.0,36.0,78.0,-36.0,102.0,424.0
143,6,-174.0,102.0,-105.0,39.0,216.0,482.0
144,0,-34.0,146.0,-59.0,230.0,-19.0,274.0
144,1,-133.0,99.0,-137.0,169.0,-29.0,420.0
144,2,-147.0,157.0,-286.0,241.0,-43.0,412.0
144,3,-60.0,151.0,-152.0,235.0,31.0,294.0
144,4,-79.0,86.0,79.0,8.0,209.0,441.0
144,5,101.0,9.0,139.0,125.0,177.0,405.0
144,6,91.0,81.0,149.0,35.0,295.0,485.0
145,0,-30.0,153.0,-48.0,206.0,-10.0,278.0
145,1,-187.0,124.0,-219.0,126.0,-116.0,471.0
145,2,-116.0,167.0,-256.0,269.0,-35.0,362.0
145,3,-82.0,158.0,-219.0,252.0,-19.0,354.0
145,4,-143.0,115.0,-66.0,11.0,-112.0,410.0
145,5,211.0,-98.0,120.0,7.0,-97.0,460.0
145,6,-129.0,70.0,0.0,20.0,-183.0,498.0
146,0,-20.0,151.0,-21.0,191.0,-13.0,337.0
146,1,-166.0,155.0,-120.0,127.0,-132.0,464.0
146,2,-31.0,146.0,-90.0,231.0,-2.0,377.0
146,3,-58.0,167.0,-169.0,247.0,-65.0,366.0
146,4,-166.0,138.0,-255.0,106.0,245.0,430.0
146,5,19.0,47.0,130.0,-60.0,164.0,510.0
146,6,-77.0,95.0,45.0,42.0,150.0,504.0
147,0,-41.0,158.0,-122.0,232.0,251.0,411.0
147,1,-96.0,166.0,-182.0,224.0,37.0,384.0
147,2,-128.0,152.0,-42.0,190.0,-146.0,419.0
147,3,-32.0,166.0,-60.0,221.0,-27.0,322.0
147,4,-2.0,99.0,60.0,-11.0,59.0,420.0
147,5,-12.0,101.0,33.0,-14.0,125.0,443.0
147,6,-134.0,133.0,-72.0,90.0,-103.0,439.0
148,0,-24.0,155.0,-93.0,238.0,291.0,390.0
148,1,-104.0,143.0,-114.0,179.0,-65.0,420.0
148,2,-106.0,177.0,-207.0,202.0,-59.0,416.0
148,3,-38.0,161.0,-120.0,265.0,-8.0,329.0
148,4,27.0,60.0,102.0,-60.0,132.0,428.0
148,5,23.0,105.0,114.0,16.0,104.0,437.0
148,6,-86.0,135.0,28.0,68.0,-141.0,447.0
